img,Jordan 1,Jordan 2,Jordan 3,Jordan 4,Jordan 5
121_5.jpg,0,0,0,0,1
164_5.jpg,0,0,0,0,1
298_5.jpg,0,0,0,0,1
36_5.jpg,0,0,0,0,1
73_5.jpg,0,0,0,0,1
265_5.jpg,0,0,0,0,1
199_5.jpg,0,0,0,0,1
378_5.jpg,0,0,0,0,1
410_5.jpg,0,0,0,0,1
385_5.jpg,0,0,0,0,1
345_5.jpg,0,0,0,0,1
300_5.jpg,0,0,0,0,1
258_5.jpg,0,0,0,0,1
159_5.jpg,0,0,0,0,1
409_5.jpg,0,0,0,0,1
361_5.jpg,0,0,0,0,1
324_5.jpg,0,0,0,0,1
281_5.jpg,0,0,0,0,1
138_5.jpg,0,0,0,0,1
180_5.jpg,0,0,0,0,1
239_5.jpg,0,0,0,0,1
204_5.jpg,0,0,0,0,1
241_5.jpg,0,0,0,0,1
12_5.jpg,0,0,0,0,1
57_5.jpg,0,0,0,0,1
140_5.jpg,0,0,0,0,1
434_5.jpg,0,0,0,0,1
107_5.jpg,0,0,0,0,1
10_5.jpg,0,0,0,0,1
206_5.jpg,0,0,0,0,1
243_5.jpg,0,0,0,0,1
363_5.jpg,0,0,0,0,1
68_5.jpg,0,0,0,0,1
283_5.jpg,0,0,0,0,1
347_5.jpg,0,0,0,0,1
302_5.jpg,0,0,0,0,1
222_5.jpg,0,0,0,0,1
34_5.jpg,0,0,0,0,1
123_5.jpg,0,0,0,0,1
166_5.jpg,0,0,0,0,1
412_5.jpg,0,0,0,0,1
48_5.jpg,0,0,0,0,1
343_5.jpg,0,0,0,0,1
306_5.jpg,0,0,0,0,1
416_5.jpg,0,0,0,0,1
383_5.jpg,0,0,0,0,1
127_5.jpg,0,0,0,0,1
162_5.jpg,0,0,0,0,1
226_5.jpg,0,0,0,0,1
88_5.jpg,0,0,0,0,1
263_5.jpg,0,0,0,0,1
432_5.jpg,0,0,0,0,1
202_5.jpg,0,0,0,0,1
247_5.jpg,0,0,0,0,1
103_5.jpg,0,0,0,0,1
287_5.jpg,0,0,0,0,1
91_5.jpg,0,0,0,0,1
186_5.jpg,0,0,0,0,1
367_5.jpg,0,0,0,0,1
322_5.jpg,0,0,0,0,1
184_5.jpg,0,0,0,0,1
278_5.jpg,0,0,0,0,1
285_5.jpg,0,0,0,0,1
398_5.jpg,0,0,0,0,1
365_5.jpg,0,0,0,0,1
320_5.jpg,0,0,0,0,1
430_5.jpg,0,0,0,0,1
8_5.jpg,0,0,0,0,1
358_5.jpg,0,0,0,0,1
16_5.jpg,0,0,0,0,1
144_5.jpg,0,0,0,0,1
200_5.jpg,0,0,0,0,1
381_5.jpg,0,0,0,0,1
339_5.jpg,0,0,0,0,1
414_5.jpg,0,0,0,0,1
261_5.jpg,0,0,0,0,1
160_5.jpg,0,0,0,0,1
77_5.jpg,0,0,0,0,1
341_5.jpg,0,0,0,0,1
304_5.jpg,0,0,0,0,1
429_5.jpg,0,0,0,0,1
94_5.jpg,0,0,0,0,1
183_5.jpg,0,0,0,0,1
282_5.jpg,0,0,0,0,1
69_5.jpg,0,0,0,0,1
327_5.jpg,0,0,0,0,1
362_5.jpg,0,0,0,0,1
143_5.jpg,0,0,0,0,1
11_5.jpg,0,0,0,0,1
242_5.jpg,0,0,0,0,1
207_5.jpg,0,0,0,0,1
386_5.jpg,0,0,0,0,1
266_5.jpg,0,0,0,0,1
223_5.jpg,0,0,0,0,1
70_5.jpg,0,0,0,0,1
167_5.jpg,0,0,0,0,1
122_5.jpg,0,0,0,0,1
303_5.jpg,0,0,0,0,1
346_5.jpg,0,0,0,0,1
259_5.jpg,0,0,0,0,1
158_5.jpg,0,0,0,0,1
301_5.jpg,0,0,0,0,1
344_5.jpg,0,0,0,0,1
411_5.jpg,0,0,0,0,1
165_5.jpg,0,0,0,0,1
72_5.jpg,0,0,0,0,1
37_5.jpg,0,0,0,0,1
299_5.jpg,0,0,0,0,1
264_5.jpg,0,0,0,0,1
198_5.jpg,0,0,0,0,1
435_5.jpg,0,0,0,0,1
318_5.jpg,0,0,0,0,1
240_5.jpg,0,0,0,0,1
205_5.jpg,0,0,0,0,1
56_5.jpg,0,0,0,0,1
141_5.jpg,0,0,0,0,1
104_5.jpg,0,0,0,0,1
280_5.jpg,0,0,0,0,1
181_5.jpg,0,0,0,0,1
238_5.jpg,0,0,0,0,1
96_5.jpg,0,0,0,0,1
408_5.jpg,0,0,0,0,1
325_5.jpg,0,0,0,0,1
52_5.jpg,0,0,0,0,1
145_5.jpg,0,0,0,0,1
201_5.jpg,0,0,0,0,1
431_5.jpg,0,0,0,0,1
9_5.jpg,0,0,0,0,1
359_5.jpg,0,0,0,0,1
399_5.jpg,0,0,0,0,1
321_5.jpg,0,0,0,0,1
364_5.jpg,0,0,0,0,1
185_5.jpg,0,0,0,0,1
284_5.jpg,0,0,0,0,1
178_5.jpg,0,0,0,0,1
305_5.jpg,0,0,0,0,1
340_5.jpg,0,0,0,0,1
428_5.jpg,0,0,0,0,1
260_5.jpg,0,0,0,0,1
161_5.jpg,0,0,0,0,1
76_5.jpg,0,0,0,0,1
380_5.jpg,0,0,0,0,1
338_5.jpg,0,0,0,0,1
415_5.jpg,0,0,0,0,1
74_5.jpg,0,0,0,0,1
31_5.jpg,0,0,0,0,1
163_5.jpg,0,0,0,0,1
126_5.jpg,0,0,0,0,1
262_5.jpg,0,0,0,0,1
89_5.jpg,0,0,0,0,1
227_5.jpg,0,0,0,0,1
417_5.jpg,0,0,0,0,1
382_5.jpg,0,0,0,0,1
307_5.jpg,0,0,0,0,1
342_5.jpg,0,0,0,0,1
49_5.jpg,0,0,0,0,1
323_5.jpg,0,0,0,0,1
366_5.jpg,0,0,0,0,1
286_5.jpg,0,0,0,0,1
28_5.jpg,0,0,0,0,1
90_5.jpg,0,0,0,0,1
187_5.jpg,0,0,0,0,1
246_5.jpg,0,0,0,0,1
203_5.jpg,0,0,0,0,1
147_5.jpg,0,0,0,0,1
50_5.jpg,0,0,0,0,1
15_5.jpg,0,0,0,0,1
357_5.jpg,0,0,0,0,1
7_5.jpg,0,0,0,0,1
402_5.jpg,0,0,0,0,1
397_5.jpg,0,0,0,0,1
24_5.jpg,0,0,0,0,1
176_5.jpg,0,0,0,0,1
232_5.jpg,0,0,0,0,1
277_5.jpg,0,0,0,0,1
426_5.jpg,0,0,0,0,1
216_5.jpg,0,0,0,0,1
253_5.jpg,0,0,0,0,1
152_5.jpg,0,0,0,0,1
45_5.jpg,0,0,0,0,1
78_5.jpg,0,0,0,0,1
293_5.jpg,0,0,0,0,1
192_5.jpg,0,0,0,0,1
373_5.jpg,0,0,0,0,1
336_5.jpg,0,0,0,0,1
190_5.jpg,0,0,0,0,1
229_5.jpg,0,0,0,0,1
128_5.jpg,0,0,0,0,1
371_5.jpg,0,0,0,0,1
334_5.jpg,0,0,0,0,1
424_5.jpg,0,0,0,0,1
309_5.jpg,0,0,0,0,1
150_5.jpg,0,0,0,0,1
214_5.jpg,0,0,0,0,1
395_5.jpg,0,0,0,0,1
368_5.jpg,0,0,0,0,1
400_5.jpg,0,0,0,0,1
275_5.jpg,0,0,0,0,1
189_5.jpg,0,0,0,0,1
131_5.jpg,0,0,0,0,1
174_5.jpg,0,0,0,0,1
288_5.jpg,0,0,0,0,1
26_5.jpg,0,0,0,0,1
63_5.jpg,0,0,0,0,1
149_5.jpg,0,0,0,0,1
248_5.jpg,0,0,0,0,1
355_5.jpg,0,0,0,0,1
310_5.jpg,0,0,0,0,1
5_5.jpg,0,0,0,0,1
135_5.jpg,0,0,0,0,1
170_5.jpg,0,0,0,0,1
22_5.jpg,0,0,0,0,1
67_5.jpg,0,0,0,0,1
271_5.jpg,0,0,0,0,1
329_5.jpg,0,0,0,0,1
404_5.jpg,0,0,0,0,1
391_5.jpg,0,0,0,0,1
351_5.jpg,0,0,0,0,1
314_5.jpg,0,0,0,0,1
1_5.jpg,0,0,0,0,1
439_5.jpg,0,0,0,0,1
108_5.jpg,0,0,0,0,1
375_5.jpg,0,0,0,0,1
330_5.jpg,0,0,0,0,1
388_5.jpg,0,0,0,0,1
295_5.jpg,0,0,0,0,1
169_5.jpg,0,0,0,0,1
_5.jpg,0,0,0,0,1
194_5.jpg,0,0,0,0,1
268_5.jpg,0,0,0,0,1
83_5.jpg,0,0,0,0,1
210_5.jpg,0,0,0,0,1
255_5.jpg,0,0,0,0,1
43_5.jpg,0,0,0,0,1
420_5.jpg,0,0,0,0,1
348_5.jpg,0,0,0,0,1
156_5.jpg,0,0,0,0,1
212_5.jpg,0,0,0,0,1
422_5.jpg,0,0,0,0,1
377_5.jpg,0,0,0,0,1
332_5.jpg,0,0,0,0,1
81_5.jpg,0,0,0,0,1
196_5.jpg,0,0,0,0,1
39_5.jpg,0,0,0,0,1
297_5.jpg,0,0,0,0,1
316_5.jpg,0,0,0,0,1
3_5.jpg,0,0,0,0,1
58_5.jpg,0,0,0,0,1
236_5.jpg,0,0,0,0,1
273_5.jpg,0,0,0,0,1
20_5.jpg,0,0,0,0,1
65_5.jpg,0,0,0,0,1
137_5.jpg,0,0,0,0,1
172_5.jpg,0,0,0,0,1
393_5.jpg,0,0,0,0,1
406_5.jpg,0,0,0,0,1
46_5.jpg,0,0,0,0,1
151_5.jpg,0,0,0,0,1
114_5.jpg,0,0,0,0,1
250_5.jpg,0,0,0,0,1
215_5.jpg,0,0,0,0,1
425_5.jpg,0,0,0,0,1
308_5.jpg,0,0,0,0,1
418_5.jpg,0,0,0,0,1
335_5.jpg,0,0,0,0,1
370_5.jpg,0,0,0,0,1
228_5.jpg,0,0,0,0,1
290_5.jpg,0,0,0,0,1
129_5.jpg,0,0,0,0,1
311_5.jpg,0,0,0,0,1
354_5.jpg,0,0,0,0,1
4_5.jpg,0,0,0,0,1
148_5.jpg,0,0,0,0,1
249_5.jpg,0,0,0,0,1
274_5.jpg,0,0,0,0,1
231_5.jpg,0,0,0,0,1
188_5.jpg,0,0,0,0,1
175_5.jpg,0,0,0,0,1
130_5.jpg,0,0,0,0,1
62_5.jpg,0,0,0,0,1
27_5.jpg,0,0,0,0,1
289_5.jpg,0,0,0,0,1
394_5.jpg,0,0,0,0,1
369_5.jpg,0,0,0,0,1
401_5.jpg,0,0,0,0,1
177_5.jpg,0,0,0,0,1
132_5.jpg,0,0,0,0,1
276_5.jpg,0,0,0,0,1
233_5.jpg,0,0,0,0,1
403_5.jpg,0,0,0,0,1
396_5.jpg,0,0,0,0,1
313_5.jpg,0,0,0,0,1
6_5.jpg,0,0,0,0,1
18_5.jpg,0,0,0,0,1
337_5.jpg,0,0,0,0,1
372_5.jpg,0,0,0,0,1
292_5.jpg,0,0,0,0,1
79_5.jpg,0,0,0,0,1
193_5.jpg,0,0,0,0,1
252_5.jpg,0,0,0,0,1
217_5.jpg,0,0,0,0,1
80_5.jpg,0,0,0,0,1
197_5.jpg,0,0,0,0,1
296_5.jpg,0,0,0,0,1
333_5.jpg,0,0,0,0,1
376_5.jpg,0,0,0,0,1
423_5.jpg,0,0,0,0,1
157_5.jpg,0,0,0,0,1
40_5.jpg,0,0,0,0,1
256_5.jpg,0,0,0,0,1
213_5.jpg,0,0,0,0,1
392_5.jpg,0,0,0,0,1
407_5.jpg,0,0,0,0,1
272_5.jpg,0,0,0,0,1
99_5.jpg,0,0,0,0,1
173_5.jpg,0,0,0,0,1
317_5.jpg,0,0,0,0,1
352_5.jpg,0,0,0,0,1
2_5.jpg,0,0,0,0,1
109_5.jpg,0,0,0,0,1
315_5.jpg,0,0,0,0,1
350_5.jpg,0,0,0,0,1
0_5.jpg,0,0,0,0,1
328_5.jpg,0,0,0,0,1
405_5.jpg,0,0,0,0,1
171_5.jpg,0,0,0,0,1
23_5.jpg,0,0,0,0,1
270_5.jpg,0,0,0,0,1
235_5.jpg,0,0,0,0,1
421_5.jpg,0,0,0,0,1
349_5.jpg,0,0,0,0,1
254_5.jpg,0,0,0,0,1
211_5.jpg,0,0,0,0,1
155_5.jpg,0,0,0,0,1
294_5.jpg,0,0,0,0,1
168_5.jpg,0,0,0,0,1
82_5.jpg,0,0,0,0,1
269_5.jpg,0,0,0,0,1
374_5.jpg,0,0,0,0,1
389_5.jpg,0,0,0,0,1
2215_3.jpg,0,0,1,0,0
1965_3.jpg,0,0,1,0,0
1998_3.jpg,0,0,1,0,0
637_3.jpg,0,0,1,0,0
2151_3.jpg,0,0,1,0,0
672_3.jpg,0,0,1,0,0
844_3.jpg,0,0,1,0,0
2009_3.jpg,0,0,1,0,0
306_3.jpg,0,0,1,0,0
2308_3.jpg,0,0,1,0,0
1845_3.jpg,0,0,1,0,0
453_3.jpg,0,0,1,0,0
2370_3.jpg,0,0,1,0,0
1793_3.jpg,0,0,1,0,0
2034_3.jpg,0,0,1,0,0
752_3.jpg,0,0,1,0,0
2071_3.jpg,0,0,1,0,0
921_3.jpg,0,0,1,0,0
162_3.jpg,0,0,1,0,0
88_3.jpg,0,0,1,0,0
263_3.jpg,0,0,1,0,0
2228_3.jpg,0,0,1,0,0
2010_3.jpg,0,0,1,0,0
776_3.jpg,0,0,1,0,0
733_3.jpg,0,0,1,0,0
1861_3.jpg,0,0,1,0,0
2354_3.jpg,0,0,1,0,0
2249_3.jpg,0,0,1,0,0
247_3.jpg,0,0,1,0,0
14_3.jpg,0,0,1,0,0
2148_3.jpg,0,0,1,0,0
613_3.jpg,0,0,1,0,0
656_3.jpg,0,0,1,0,0
2130_3.jpg,0,0,1,0,0
1941_3.jpg,0,0,1,0,0
1904_3.jpg,0,0,1,0,0
2188_3.jpg,0,0,1,0,0
1819_3.jpg,0,0,1,0,0
2369_3.jpg,0,0,1,0,0
322_3.jpg,0,0,1,0,0
2095_3.jpg,0,0,1,0,0
1777_3.jpg,0,0,1,0,0
1732_3.jpg,0,0,1,0,0
2068_3.jpg,0,0,1,0,0
860_3.jpg,0,0,1,0,0
278_3.jpg,0,0,1,0,0
982_3.jpg,0,0,1,0,0
1943_3.jpg,0,0,1,0,0
1906_3.jpg,0,0,1,0,0
611_3.jpg,0,0,1,0,0
654_3.jpg,0,0,1,0,0
862_3.jpg,0,0,1,0,0
749_3.jpg,0,0,1,0,0
365_3.jpg,0,0,1,0,0
448_3.jpg,0,0,1,0,0
789_3.jpg,0,0,1,0,0
358_3.jpg,0,0,1,0,0
1748_3.jpg,0,0,1,0,0
8_3.jpg,0,0,1,0,0
1863_3.jpg,0,0,1,0,0
488_3.jpg,0,0,1,0,0
774_3.jpg,0,0,1,0,0
731_3.jpg,0,0,1,0,0
1983_3.jpg,0,0,1,0,0
942_3.jpg,0,0,1,0,0
595_3.jpg,0,0,1,0,0
16_3.jpg,0,0,1,0,0
200_3.jpg,0,0,1,0,0
568_3.jpg,0,0,1,0,0
1178_3.jpg,0,0,1,0,0
1305_3.jpg,0,0,1,0,0
2036_3.jpg,0,0,1,0,0
750_3.jpg,0,0,1,0,0
2073_3.jpg,0,0,1,0,0
715_3.jpg,0,0,1,0,0
1041_3.jpg,0,0,1,0,0
1004_3.jpg,0,0,1,0,0
2337_3.jpg,0,0,1,0,0
2372_3.jpg,0,0,1,0,0
1119_3.jpg,0,0,1,0,0
608_3.jpg,0,0,1,0,0
966_3.jpg,0,0,1,0,0
923_3.jpg,0,0,1,0,0
160_3.jpg,0,0,1,0,0
670_3.jpg,0,0,1,0,0
1967_3.jpg,0,0,1,0,0
429_3.jpg,0,0,1,0,0
728_3.jpg,0,0,1,0,0
491_3.jpg,0,0,1,0,0
846_3.jpg,0,0,1,0,0
1887_3.jpg,0,0,1,0,0
36_3.jpg,0,0,1,0,0
1158_3.jpg,0,0,1,0,0
455_3.jpg,0,0,1,0,0
2376_3.jpg,0,0,1,0,0
378_3.jpg,0,0,1,0,0
1795_3.jpg,0,0,1,0,0
385_3.jpg,0,0,1,0,0
2077_3.jpg,0,0,1,0,0
711_3.jpg,0,0,1,0,0
495_3.jpg,0,0,1,0,0
468_3.jpg,0,0,1,0,0
794_3.jpg,0,0,1,0,0
530_3.jpg,0,0,1,0,0
674_3.jpg,0,0,1,0,0
866_3.jpg,0,0,1,0,0
1528_3.jpg,0,0,1,0,0
138_3.jpg,0,0,1,0,0
650_3.jpg,0,0,1,0,0
1205_3.jpg,0,0,1,0,0
2272_3.jpg,0,0,1,0,0
529_3.jpg,0,0,1,0,0
1139_3.jpg,0,0,1,0,0
1987_3.jpg,0,0,1,0,0
628_3.jpg,0,0,1,0,0
57_3.jpg,0,0,1,0,0
770_3.jpg,0,0,1,0,0
319_3.jpg,0,0,1,0,0
1709_3.jpg,0,0,1,0,0
2317_3.jpg,0,0,1,0,0
2352_3.jpg,0,0,1,0,0
10_3.jpg,0,0,1,0,0
593_3.jpg,0,0,1,0,0
243_3.jpg,0,0,1,0,0
1865_3.jpg,0,0,1,0,0
2350_3.jpg,0,0,1,0,0
2014_3.jpg,0,0,1,0,0
772_3.jpg,0,0,1,0,0
859_3.jpg,0,0,1,0,0
821_3.jpg,0,0,1,0,0
899_3.jpg,0,0,1,0,0
363_3.jpg,0,0,1,0,0
1736_3.jpg,0,0,1,0,0
516_3.jpg,0,0,1,0,0
796_3.jpg,0,0,1,0,0
1839_3.jpg,0,0,1,0,0
2349_3.jpg,0,0,1,0,0
497_3.jpg,0,0,1,0,0
805_3.jpg,0,0,1,0,0
840_3.jpg,0,0,1,0,0
1087_3.jpg,0,0,1,0,0
1881_3.jpg,0,0,1,0,0
2048_3.jpg,0,0,1,0,0
2155_3.jpg,0,0,1,0,0
676_3.jpg,0,0,1,0,0
2110_3.jpg,0,0,1,0,0
2254_3.jpg,0,0,1,0,0
267_3.jpg,0,0,1,0,0
1533_3.jpg,0,0,1,0,0
2294_3.jpg,0,0,1,0,0
925_3.jpg,0,0,1,0,0
166_3.jpg,0,0,1,0,0
71_3.jpg,0,0,1,0,0
2389_3.jpg,0,0,1,0,0
1797_3.jpg,0,0,1,0,0
1303_3.jpg,0,0,1,0,0
387_3.jpg,0,0,1,0,0
2030_3.jpg,0,0,1,0,0
2075_3.jpg,0,0,1,0,0
713_3.jpg,0,0,1,0,0
1047_3.jpg,0,0,1,0,0
2374_3.jpg,0,0,1,0,0
880_3.jpg,0,0,1,0,0
1184_3.jpg,0,0,1,0,0
1510_3.jpg,0,0,1,0,0
594_3.jpg,0,0,1,0,0
17_3.jpg,0,0,1,0,0
244_3.jpg,0,0,1,0,0
201_3.jpg,0,0,1,0,0
788_3.jpg,0,0,1,0,0
1749_3.jpg,0,0,1,0,0
9_3.jpg,0,0,1,0,0
1064_3.jpg,0,0,1,0,0
2357_3.jpg,0,0,1,0,0
2312_3.jpg,0,0,1,0,0
474_3.jpg,0,0,1,0,0
489_3.jpg,0,0,1,0,0
1448_3.jpg,0,0,1,0,0
1320_3.jpg,0,0,1,0,0
730_3.jpg,0,0,1,0,0
2056_3.jpg,0,0,1,0,0
399_3.jpg,0,0,1,0,0
364_3.jpg,0,0,1,0,0
449_3.jpg,0,0,1,0,0
1669_3.jpg,0,0,1,0,0
511_3.jpg,0,0,1,0,0
2277_3.jpg,0,0,1,0,0
1144_3.jpg,0,0,1,0,0
1907_3.jpg,0,0,1,0,0
1942_3.jpg,0,0,1,0,0
178_3.jpg,0,0,1,0,0
655_3.jpg,0,0,1,0,0
610_3.jpg,0,0,1,0,0
1038_3.jpg,0,0,1,0,0
791_3.jpg,0,0,1,0,0
1339_3.jpg,0,0,1,0,0
490_3.jpg,0,0,1,0,0
802_3.jpg,0,0,1,0,0
1886_3.jpg,0,0,1,0,0
1451_3.jpg,0,0,1,0,0
671_3.jpg,0,0,1,0,0
2152_3.jpg,0,0,1,0,0
2216_3.jpg,0,0,1,0,0
508_3.jpg,0,0,1,0,0
260_3.jpg,0,0,1,0,0
76_3.jpg,0,0,1,0,0
33_3.jpg,0,0,1,0,0
714_3.jpg,0,0,1,0,0
751_3.jpg,0,0,1,0,0
1846_3.jpg,0,0,1,0,0
1491_3.jpg,0,0,1,0,0
1803_3.jpg,0,0,1,0,0
2373_3.jpg,0,0,1,0,0
887_3.jpg,0,0,1,0,0
450_3.jpg,0,0,1,0,0
920_3.jpg,0,0,1,0,0
2128_3.jpg,0,0,1,0,0
31_3.jpg,0,0,1,0,0
89_3.jpg,0,0,1,0,0
2229_3.jpg,0,0,1,0,0
1959_3.jpg,0,0,1,0,0
1844_3.jpg,0,0,1,0,0
2371_3.jpg,0,0,1,0,0
452_3.jpg,0,0,1,0,0
716_3.jpg,0,0,1,0,0
2070_3.jpg,0,0,1,0,0
753_3.jpg,0,0,1,0,0
2035_3.jpg,0,0,1,0,0
492_3.jpg,0,0,1,0,0
800_3.jpg,0,0,1,0,0
2008_3.jpg,0,0,1,0,0
307_3.jpg,0,0,1,0,0
1752_3.jpg,0,0,1,0,0
2309_3.jpg,0,0,1,0,0
572_3.jpg,0,0,1,0,0
1964_3.jpg,0,0,1,0,0
2115_3.jpg,0,0,1,0,0
673_3.jpg,0,0,1,0,0
2150_3.jpg,0,0,1,0,0
1818_3.jpg,0,0,1,0,0
2368_3.jpg,0,0,1,0,0
366_3.jpg,0,0,1,0,0
1776_3.jpg,0,0,1,0,0
2069_3.jpg,0,0,1,0,0
861_3.jpg,0,0,1,0,0
2131_3.jpg,0,0,1,0,0
2288_3.jpg,0,0,1,0,0
513_3.jpg,0,0,1,0,0
2275_3.jpg,0,0,1,0,0
1905_3.jpg,0,0,1,0,0
1940_3.jpg,0,0,1,0,0
90_3.jpg,0,0,1,0,0
246_3.jpg,0,0,1,0,0
203_3.jpg,0,0,1,0,0
15_3.jpg,0,0,1,0,0
1980_3.jpg,0,0,1,0,0
596_3.jpg,0,0,1,0,0
904_3.jpg,0,0,1,0,0
732_3.jpg,0,0,1,0,0
777_3.jpg,0,0,1,0,0
819_3.jpg,0,0,1,0,0
1860_3.jpg,0,0,1,0,0
1825_3.jpg,0,0,1,0,0
1066_3.jpg,0,0,1,0,0
552_3.jpg,0,0,1,0,0
183_3.jpg,0,0,1,0,0
517_3.jpg,0,0,1,0,0
2271_3.jpg,0,0,1,0,0
653_3.jpg,0,0,1,0,0
2170_3.jpg,0,0,1,0,0
865_3.jpg,0,0,1,0,0
820_3.jpg,0,0,1,0,0
1859_3.jpg,0,0,1,0,0
898_3.jpg,0,0,1,0,0
327_3.jpg,0,0,1,0,0
1864_3.jpg,0,0,1,0,0
1821_3.jpg,0,0,1,0,0
472_3.jpg,0,0,1,0,0
2015_3.jpg,0,0,1,0,0
858_3.jpg,0,0,1,0,0
1984_3.jpg,0,0,1,0,0
900_3.jpg,0,0,1,0,0
106_3.jpg,0,0,1,0,0
2209_3.jpg,0,0,1,0,0
242_3.jpg,0,0,1,0,0
839_3.jpg,0,0,1,0,0
2388_3.jpg,0,0,1,0,0
1347_3.jpg,0,0,1,0,0
2074_3.jpg,0,0,1,0,0
2089_3.jpg,0,0,1,0,0
1046_3.jpg,0,0,1,0,0
2375_3.jpg,0,0,1,0,0
456_3.jpg,0,0,1,0,0
2194_3.jpg,0,0,1,0,0
632_3.jpg,0,0,1,0,0
533_3.jpg,0,0,1,0,0
1387_3.jpg,0,0,1,0,0
1756_3.jpg,0,0,1,0,0
1838_3.jpg,0,0,1,0,0
2348_3.jpg,0,0,1,0,0
841_3.jpg,0,0,1,0,0
496_3.jpg,0,0,1,0,0
804_3.jpg,0,0,1,0,0
574_3.jpg,0,0,1,0,0
531_3.jpg,0,0,1,0,0
1121_3.jpg,0,0,1,0,0
1962_3.jpg,0,0,1,0,0
688_3.jpg,0,0,1,0,0
259_3.jpg,0,0,1,0,0
2113_3.jpg,0,0,1,0,0
675_3.jpg,0,0,1,0,0
630_3.jpg,0,0,1,0,0
843_3.jpg,0,0,1,0,0
1410_3.jpg,0,0,1,0,0
469_3.jpg,0,0,1,0,0
795_3.jpg,0,0,1,0,0
1754_3.jpg,0,0,1,0,0
1807_3.jpg,0,0,1,0,0
2377_3.jpg,0,0,1,0,0
411_3.jpg,0,0,1,0,0
2332_3.jpg,0,0,1,0,0
454_3.jpg,0,0,1,0,0
1769_3.jpg,0,0,1,0,0
1794_3.jpg,0,0,1,0,0
710_3.jpg,0,0,1,0,0
755_3.jpg,0,0,1,0,0
648_3.jpg,0,0,1,0,0
1258_3.jpg,0,0,1,0,0
165_3.jpg,0,0,1,0,0
2297_3.jpg,0,0,1,0,0
549_3.jpg,0,0,1,0,0
2196_3.jpg,0,0,1,0,0
2052_3.jpg,0,0,1,0,0
771_3.jpg,0,0,1,0,0
2353_3.jpg,0,0,1,0,0
2316_3.jpg,0,0,1,0,0
470_3.jpg,0,0,1,0,0
1650_3.jpg,0,0,1,0,0
691_3.jpg,0,0,1,0,0
528_3.jpg,0,0,1,0,0
1138_3.jpg,0,0,1,0,0
1986_3.jpg,0,0,1,0,0
590_3.jpg,0,0,1,0,0
139_3.jpg,0,0,1,0,0
651_3.jpg,0,0,1,0,0
2172_3.jpg,0,0,1,0,0
1241_3.jpg,0,0,1,0,0
2236_3.jpg,0,0,1,0,0
181_3.jpg,0,0,1,0,0
2273_3.jpg,0,0,1,0,0
709_3.jpg,0,0,1,0,0
135_3.jpg,0,0,1,0,0
519_3.jpg,0,0,1,0,0
1624_3.jpg,0,0,1,0,0
404_3.jpg,0,0,1,0,0
2362_3.jpg,0,0,1,0,0
1739_3.jpg,0,0,1,0,0
329_3.jpg,0,0,1,0,0
2026_3.jpg,0,0,1,0,0
1350_3.jpg,0,0,1,0,0
481_3.jpg,0,0,1,0,0
813_3.jpg,0,0,1,0,0
439_3.jpg,0,0,1,0,0
780_3.jpg,0,0,1,0,0
1977_3.jpg,0,0,1,0,0
524_3.jpg,0,0,1,0,0
561_3.jpg,0,0,1,0,0
1270_3.jpg,0,0,1,0,0
625_3.jpg,0,0,1,0,0
2143_3.jpg,0,0,1,0,0
1765_3.jpg,0,0,1,0,0
2087_3.jpg,0,0,1,0,0
458_3.jpg,0,0,1,0,0
1464_3.jpg,0,0,1,0,0
2386_3.jpg,0,0,1,0,0
872_3.jpg,0,0,1,0,0
83_3.jpg,0,0,1,0,0
1155_3.jpg,0,0,1,0,0
500_3.jpg,0,0,1,0,0
992_3.jpg,0,0,1,0,0
2223_3.jpg,0,0,1,0,0
_3.jpg,0,0,1,0,0
578_3.jpg,0,0,1,0,0
585_3.jpg,0,0,1,0,0
1993_3.jpg,0,0,1,0,0
43_3.jpg,0,0,1,0,0
2047_3.jpg,0,0,1,0,0
721_3.jpg,0,0,1,0,0
799_3.jpg,0,0,1,0,0
465_3.jpg,0,0,1,0,0
2303_3.jpg,0,0,1,0,0
2158_3.jpg,0,0,1,0,0
1077_3.jpg,0,0,1,0,0
1032_3.jpg,0,0,1,0,0
1871_3.jpg,0,0,1,0,0
2000_3.jpg,0,0,1,0,0
766_3.jpg,0,0,1,0,0
723_3.jpg,0,0,1,0,0
1376_3.jpg,0,0,1,0,0
835_3.jpg,0,0,1,0,0
2384_3.jpg,0,0,1,0,0
870_3.jpg,0,0,1,0,0
2379_3.jpg,0,0,1,0,0
1809_3.jpg,0,0,1,0,0
2264_3.jpg,0,0,1,0,0
502_3.jpg,0,0,1,0,0
2221_3.jpg,0,0,1,0,0
547_3.jpg,0,0,1,0,0
2198_3.jpg,0,0,1,0,0
1256_3.jpg,0,0,1,0,0
2165_3.jpg,0,0,1,0,0
39_3.jpg,0,0,1,0,0
483_3.jpg,0,0,1,0,0
1988_3.jpg,0,0,1,0,0
58_3.jpg,0,0,1,0,0
662_3.jpg,0,0,1,0,0
1930_3.jpg,0,0,1,0,0
2240_3.jpg,0,0,1,0,0
526_3.jpg,0,0,1,0,0
2181_3.jpg,0,0,1,0,0
1948_3.jpg,0,0,1,0,0
931_3.jpg,0,0,1,0,0
2139_3.jpg,0,0,1,0,0
20_3.jpg,0,0,1,0,0
65_3.jpg,0,0,1,0,0
707_3.jpg,0,0,1,0,0
2360_3.jpg,0,0,1,0,0
894_3.jpg,0,0,1,0,0
1482_3.jpg,0,0,1,0,0
1934_3.jpg,0,0,1,0,0
1177_3.jpg,0,0,1,0,0
522_3.jpg,0,0,1,0,0
623_3.jpg,0,0,1,0,0
1891_3.jpg,0,0,1,0,0
815_3.jpg,0,0,1,0,0
786_3.jpg,0,0,1,0,0
312_3.jpg,0,0,1,0,0
447_3.jpg,0,0,1,0,0
2364_3.jpg,0,0,1,0,0
1851_3.jpg,0,0,1,0,0
2065_3.jpg,0,0,1,0,0
1787_3.jpg,0,0,1,0,0
970_3.jpg,0,0,1,0,0
176_3.jpg,0,0,1,0,0
2178_3.jpg,0,0,1,0,0
232_3.jpg,0,0,1,0,0
727_3.jpg,0,0,1,0,0
1372_3.jpg,0,0,1,0,0
426_3.jpg,0,0,1,0,0
1968_3.jpg,0,0,1,0,0
2218_3.jpg,0,0,1,0,0
216_3.jpg,0,0,1,0,0
2119_3.jpg,0,0,1,0,0
607_3.jpg,0,0,1,0,0
642_3.jpg,0,0,1,0,0
1910_3.jpg,0,0,1,0,0
2260_3.jpg,0,0,1,0,0
2225_3.jpg,0,0,1,0,0
1848_3.jpg,0,0,1,0,0
1726_3.jpg,0,0,1,0,0
373_3.jpg,0,0,1,0,0
2039_3.jpg,0,0,1,0,0
1427_3.jpg,0,0,1,0,0
831_3.jpg,0,0,1,0,0
2380_3.jpg,0,0,1,0,0
229_3.jpg,0,0,1,0,0
1912_3.jpg,0,0,1,0,0
2262_3.jpg,0,0,1,0,0
504_3.jpg,0,0,1,0,0
2227_3.jpg,0,0,1,0,0
640_3.jpg,0,0,1,0,0
2382_3.jpg,0,0,1,0,0
876_3.jpg,0,0,1,0,0
718_3.jpg,0,0,1,0,0
1761_3.jpg,0,0,1,0,0
334_3.jpg,0,0,1,0,0
309_3.jpg,0,0,1,0,0
461_3.jpg,0,0,1,0,0
2043_3.jpg,0,0,1,0,0
1370_3.jpg,0,0,1,0,0
1228_3.jpg,0,0,1,0,0
680_3.jpg,0,0,1,0,0
539_3.jpg,0,0,1,0,0
445_3.jpg,0,0,1,0,0
2366_3.jpg,0,0,1,0,0
892_3.jpg,0,0,1,0,0
1778_3.jpg,0,0,1,0,0
368_3.jpg,0,0,1,0,0
558_3.jpg,0,0,1,0,0
2187_3.jpg,0,0,1,0,0
659_3.jpg,0,0,1,0,0
2286_3.jpg,0,0,1,0,0
937_3.jpg,0,0,1,0,0
664_3.jpg,0,0,1,0,0
149_3.jpg,0,0,1,0,0
598_3.jpg,0,0,1,0,0
1175_3.jpg,0,0,1,0,0
248_3.jpg,0,0,1,0,0
1745_3.jpg,0,0,1,0,0
355_3.jpg,0,0,1,0,0
779_3.jpg,0,0,1,0,0
546_3.jpg,0,0,1,0,0
503_3.jpg,0,0,1,0,0
2265_3.jpg,0,0,1,0,0
1257_3.jpg,0,0,1,0,0
2121_3.jpg,0,0,1,0,0
2298_3.jpg,0,0,1,0,0
1467_3.jpg,0,0,1,0,0
2385_3.jpg,0,0,1,0,0
834_3.jpg,0,0,1,0,0
2378_3.jpg,0,0,1,0,0
2300_3.jpg,0,0,1,0,0
466_3.jpg,0,0,1,0,0
1870_3.jpg,0,0,1,0,0
1033_3.jpg,0,0,1,0,0
722_3.jpg,0,0,1,0,0
2044_3.jpg,0,0,1,0,0
40_3.jpg,0,0,1,0,0
586_3.jpg,0,0,1,0,0
2258_3.jpg,0,0,1,0,0
213_3.jpg,0,0,1,0,0
1316_3.jpg,0,0,1,0,0
1782_3.jpg,0,0,1,0,0
407_3.jpg,0,0,1,0,0
895_3.jpg,0,0,1,0,0
1854_3.jpg,0,0,1,0,0
2180_3.jpg,0,0,1,0,0
2239_3.jpg,0,0,1,0,0
930_3.jpg,0,0,1,0,0
1563_3.jpg,0,0,1,0,0
64_3.jpg,0,0,1,0,0
2138_3.jpg,0,0,1,0,0
1989_3.jpg,0,0,1,0,0
59_3.jpg,0,0,1,0,0
626_3.jpg,0,0,1,0,0
1931_3.jpg,0,0,1,0,0
562_3.jpg,0,0,1,0,0
2204_3.jpg,0,0,1,0,0
2241_3.jpg,0,0,1,0,0
1092_3.jpg,0,0,1,0,0
482_3.jpg,0,0,1,0,0
810_3.jpg,0,0,1,0,0
560_3.jpg,0,0,1,0,0
208_3.jpg,0,0,1,0,0
1271_3.jpg,0,0,1,0,0
624_3.jpg,0,0,1,0,0
857_3.jpg,0,0,1,0,0
480_3.jpg,0,0,1,0,0
812_3.jpg,0,0,1,0,0
781_3.jpg,0,0,1,0,0
2363_3.jpg,0,0,1,0,0
897_3.jpg,0,0,1,0,0
2326_3.jpg,0,0,1,0,0
328_3.jpg,0,0,1,0,0
704_3.jpg,0,0,1,0,0
2027_3.jpg,0,0,1,0,0
1351_3.jpg,0,0,1,0,0
1780_3.jpg,0,0,1,0,0
66_3.jpg,0,0,1,0,0
134_3.jpg,0,0,1,0,0
518_3.jpg,0,0,1,0,0
720_3.jpg,0,0,1,0,0
765_3.jpg,0,0,1,0,0
2003_3.jpg,0,0,1,0,0
1330_3.jpg,0,0,1,0,0
1759_3.jpg,0,0,1,0,0
349_3.jpg,0,0,1,0,0
421_3.jpg,0,0,1,0,0
2302_3.jpg,0,0,1,0,0
464_3.jpg,0,0,1,0,0
1872_3.jpg,0,0,1,0,0
1837_3.jpg,0,0,1,0,0
685_3.jpg,0,0,1,0,0
1601_3.jpg,0,0,1,0,0
584_3.jpg,0,0,1,0,0
42_3.jpg,0,0,1,0,0
1684_3.jpg,0,0,1,0,0
294_3.jpg,0,0,1,0,0
1917_3.jpg,0,0,1,0,0
2222_3.jpg,0,0,1,0,0
501_3.jpg,0,0,1,0,0
2387_3.jpg,0,0,1,0,0
836_3.jpg,0,0,1,0,0
758_3.jpg,0,0,1,0,0
1718_3.jpg,0,0,1,0,0
2306_3.jpg,0,0,1,0,0
460_3.jpg,0,0,1,0,0
724_3.jpg,0,0,1,0,0
1424_3.jpg,0,0,1,0,0
1461_3.jpg,0,0,1,0,0
2383_3.jpg,0,0,1,0,0
877_3.jpg,0,0,1,0,0
335_3.jpg,0,0,1,0,0
370_3.jpg,0,0,1,0,0
1956_3.jpg,0,0,1,0,0
540_3.jpg,0,0,1,0,0
129_3.jpg,0,0,1,0,0
641_3.jpg,0,0,1,0,0
604_3.jpg,0,0,1,0,0
479_3.jpg,0,0,1,0,0
1395_3.jpg,0,0,1,0,0
816_3.jpg,0,0,1,0,0
2103_3.jpg,0,0,1,0,0
665_3.jpg,0,0,1,0,0
620_3.jpg,0,0,1,0,0
1937_3.jpg,0,0,1,0,0
559_3.jpg,0,0,1,0,0
274_3.jpg,0,0,1,0,0
62_3.jpg,0,0,1,0,0
658_3.jpg,0,0,1,0,0
27_3.jpg,0,0,1,0,0
175_3.jpg,0,0,1,0,0
700_3.jpg,0,0,1,0,0
1478_3.jpg,0,0,1,0,0
2322_3.jpg,0,0,1,0,0
1485_3.jpg,0,0,1,0,0
369_3.jpg,0,0,1,0,0
934_3.jpg,0,0,1,0,0
2285_3.jpg,0,0,1,0,0
2179_3.jpg,0,0,1,0,0
276_3.jpg,0,0,1,0,0
1623_3.jpg,0,0,1,0,0
2099_3.jpg,0,0,1,0,0
2365_3.jpg,0,0,1,0,0
446_3.jpg,0,0,1,0,0
1815_3.jpg,0,0,1,0,0
702_3.jpg,0,0,1,0,0
396_3.jpg,0,0,1,0,0
1402_3.jpg,0,0,1,0,0
1890_3.jpg,0,0,1,0,0
1447_3.jpg,0,0,1,0,0
814_3.jpg,0,0,1,0,0
6_3.jpg,0,0,1,0,0
787_3.jpg,0,0,1,0,0
1176_3.jpg,0,0,1,0,0
1935_3.jpg,0,0,1,0,0
523_3.jpg,0,0,1,0,0
622_3.jpg,0,0,1,0,0
888_3.jpg,0,0,1,0,0
2381_3.jpg,0,0,1,0,0
875_3.jpg,0,0,1,0,0
830_3.jpg,0,0,1,0,0
643_3.jpg,0,0,1,0,0
507_3.jpg,0,0,1,0,0
2261_3.jpg,0,0,1,0,0
84_3.jpg,0,0,1,0,0
683_3.jpg,0,0,1,0,0
582_3.jpg,0,0,1,0,0
910_3.jpg,0,0,1,0,0
1994_3.jpg,0,0,1,0,0
2005_3.jpg,0,0,1,0,0
1336_3.jpg,0,0,1,0,0
848_3.jpg,0,0,1,0,0
427_3.jpg,0,0,1,0,0
2304_3.jpg,0,0,1,0,0
1874_3.jpg,0,0,1,0,0
1072_3.jpg,0,0,1,0,0
491_1.jpg,1,0,0,0,0
341_1.jpg,1,0,0,0,0
429_1.jpg,1,0,0,0,0
219_1.jpg,1,0,0,0,0
534_1.jpg,1,0,0,0,0
118_1.jpg,1,0,0,0,0
635_1.jpg,1,0,0,0,0
160_1.jpg,1,0,0,0,0
77_1.jpg,1,0,0,0,0
608_1.jpg,1,0,0,0,0
261_1.jpg,1,0,0,0,0
224_1.jpg,1,0,0,0,0
414_1.jpg,1,0,0,0,0
568_1.jpg,1,0,0,0,0
694_1.jpg,1,0,0,0,0
200_1.jpg,1,0,0,0,0
16_1.jpg,1,0,0,0,0
669_1.jpg,1,0,0,0,0
144_1.jpg,1,0,0,0,0
595_1.jpg,1,0,0,0,0
101_1.jpg,1,0,0,0,0
430_1.jpg,1,0,0,0,0
475_1.jpg,1,0,0,0,0
358_1.jpg,1,0,0,0,0
8_1.jpg,1,0,0,0,0
448_1.jpg,1,0,0,0,0
320_1.jpg,1,0,0,0,0
365_1.jpg,1,0,0,0,0
398_1.jpg,1,0,0,0,0
285_1.jpg,1,0,0,0,0
179_1.jpg,1,0,0,0,0
184_1.jpg,1,0,0,0,0
555_1.jpg,1,0,0,0,0
93_1.jpg,1,0,0,0,0
322_1.jpg,1,0,0,0,0
512_1.jpg,1,0,0,0,0
287_1.jpg,1,0,0,0,0
146_1.jpg,1,0,0,0,0
103_1.jpg,1,0,0,0,0
51_1.jpg,1,0,0,0,0
14_1.jpg,1,0,0,0,0
696_1.jpg,1,0,0,0,0
247_1.jpg,1,0,0,0,0
202_1.jpg,1,0,0,0,0
432_1.jpg,1,0,0,0,0
75_1.jpg,1,0,0,0,0
127_1.jpg,1,0,0,0,0
416_1.jpg,1,0,0,0,0
343_1.jpg,1,0,0,0,0
48_1.jpg,1,0,0,0,0
536_1.jpg,1,0,0,0,0
457_1.jpg,1,0,0,0,0
713_1.jpg,1,0,0,0,0
387_1.jpg,1,0,0,0,0
71_1.jpg,1,0,0,0,0
34_1.jpg,1,0,0,0,0
166_1.jpg,1,0,0,0,0
123_1.jpg,1,0,0,0,0
267_1.jpg,1,0,0,0,0
222_1.jpg,1,0,0,0,0
577_1.jpg,1,0,0,0,0
532_1.jpg,1,0,0,0,0
633_1.jpg,1,0,0,0,0
497_1.jpg,1,0,0,0,0
347_1.jpg,1,0,0,0,0
652_1.jpg,1,0,0,0,0
283_1.jpg,1,0,0,0,0
617_1.jpg,1,0,0,0,0
68_1.jpg,1,0,0,0,0
95_1.jpg,1,0,0,0,0
182_1.jpg,1,0,0,0,0
553_1.jpg,1,0,0,0,0
326_1.jpg,1,0,0,0,0
363_1.jpg,1,0,0,0,0
436_1.jpg,1,0,0,0,0
243_1.jpg,1,0,0,0,0
142_1.jpg,1,0,0,0,0
107_1.jpg,1,0,0,0,0
10_1.jpg,1,0,0,0,0
434_1.jpg,1,0,0,0,0
319_1.jpg,1,0,0,0,0
57_1.jpg,1,0,0,0,0
628_1.jpg,1,0,0,0,0
12_1.jpg,1,0,0,0,0
140_1.jpg,1,0,0,0,0
591_1.jpg,1,0,0,0,0
105_1.jpg,1,0,0,0,0
529_1.jpg,1,0,0,0,0
241_1.jpg,1,0,0,0,0
204_1.jpg,1,0,0,0,0
180_1.jpg,1,0,0,0,0
551_1.jpg,1,0,0,0,0
97_1.jpg,1,0,0,0,0
281_1.jpg,1,0,0,0,0
615_1.jpg,1,0,0,0,0
138_1.jpg,1,0,0,0,0
708_1.jpg,1,0,0,0,0
324_1.jpg,1,0,0,0,0
361_1.jpg,1,0,0,0,0
159_1.jpg,1,0,0,0,0
258_1.jpg,1,0,0,0,0
575_1.jpg,1,0,0,0,0
300_1.jpg,1,0,0,0,0
345_1.jpg,1,0,0,0,0
495_1.jpg,1,0,0,0,0
455_1.jpg,1,0,0,0,0
265_1.jpg,1,0,0,0,0
220_1.jpg,1,0,0,0,0
548_1.jpg,1,0,0,0,0
199_1.jpg,1,0,0,0,0
164_1.jpg,1,0,0,0,0
73_1.jpg,1,0,0,0,0
36_1.jpg,1,0,0,0,0
298_1.jpg,1,0,0,0,0
649_1.jpg,1,0,0,0,0
476_1.jpg,1,0,0,0,0
433_1.jpg,1,0,0,0,0
102_1.jpg,1,0,0,0,0
147_1.jpg,1,0,0,0,0
15_1.jpg,1,0,0,0,0
203_1.jpg,1,0,0,0,0
246_1.jpg,1,0,0,0,0
90_1.jpg,1,0,0,0,0
513_1.jpg,1,0,0,0,0
187_1.jpg,1,0,0,0,0
612_1.jpg,1,0,0,0,0
657_1.jpg,1,0,0,0,0
28_1.jpg,1,0,0,0,0
286_1.jpg,1,0,0,0,0
366_1.jpg,1,0,0,0,0
323_1.jpg,1,0,0,0,0
636_1.jpg,1,0,0,0,0
342_1.jpg,1,0,0,0,0
307_1.jpg,1,0,0,0,0
492_1.jpg,1,0,0,0,0
716_1.jpg,1,0,0,0,0
417_1.jpg,1,0,0,0,0
227_1.jpg,1,0,0,0,0
89_1.jpg,1,0,0,0,0
262_1.jpg,1,0,0,0,0
74_1.jpg,1,0,0,0,0
163_1.jpg,1,0,0,0,0
338_1.jpg,1,0,0,0,0
380_1.jpg,1,0,0,0,0
161_1.jpg,1,0,0,0,0
218_1.jpg,1,0,0,0,0
535_1.jpg,1,0,0,0,0
119_1.jpg,1,0,0,0,0
671_1.jpg,1,0,0,0,0
490_1.jpg,1,0,0,0,0
655_1.jpg,1,0,0,0,0
284_1.jpg,1,0,0,0,0
178_1.jpg,1,0,0,0,0
511_1.jpg,1,0,0,0,0
185_1.jpg,1,0,0,0,0
554_1.jpg,1,0,0,0,0
279_1.jpg,1,0,0,0,0
92_1.jpg,1,0,0,0,0
449_1.jpg,1,0,0,0,0
364_1.jpg,1,0,0,0,0
321_1.jpg,1,0,0,0,0
489_1.jpg,1,0,0,0,0
474_1.jpg,1,0,0,0,0
431_1.jpg,1,0,0,0,0
359_1.jpg,1,0,0,0,0
9_1.jpg,1,0,0,0,0
569_1.jpg,1,0,0,0,0
201_1.jpg,1,0,0,0,0
668_1.jpg,1,0,0,0,0
52_1.jpg,1,0,0,0,0
100_1.jpg,1,0,0,0,0
594_1.jpg,1,0,0,0,0
360_1.jpg,1,0,0,0,0
325_1.jpg,1,0,0,0,0
515_1.jpg,1,0,0,0,0
181_1.jpg,1,0,0,0,0
96_1.jpg,1,0,0,0,0
238_1.jpg,1,0,0,0,0
614_1.jpg,1,0,0,0,0
651_1.jpg,1,0,0,0,0
139_1.jpg,1,0,0,0,0
13_1.jpg,1,0,0,0,0
56_1.jpg,1,0,0,0,0
104_1.jpg,1,0,0,0,0
141_1.jpg,1,0,0,0,0
590_1.jpg,1,0,0,0,0
528_1.jpg,1,0,0,0,0
205_1.jpg,1,0,0,0,0
435_1.jpg,1,0,0,0,0
318_1.jpg,1,0,0,0,0
221_1.jpg,1,0,0,0,0
198_1.jpg,1,0,0,0,0
120_1.jpg,1,0,0,0,0
165_1.jpg,1,0,0,0,0
299_1.jpg,1,0,0,0,0
72_1.jpg,1,0,0,0,0
384_1.jpg,1,0,0,0,0
710_1.jpg,1,0,0,0,0
411_1.jpg,1,0,0,0,0
344_1.jpg,1,0,0,0,0
301_1.jpg,1,0,0,0,0
469_1.jpg,1,0,0,0,0
158_1.jpg,1,0,0,0,0
630_1.jpg,1,0,0,0,0
688_1.jpg,1,0,0,0,0
496_1.jpg,1,0,0,0,0
346_1.jpg,1,0,0,0,0
303_1.jpg,1,0,0,0,0
533_1.jpg,1,0,0,0,0
576_1.jpg,1,0,0,0,0
632_1.jpg,1,0,0,0,0
677_1.jpg,1,0,0,0,0
35_1.jpg,1,0,0,0,0
70_1.jpg,1,0,0,0,0
122_1.jpg,1,0,0,0,0
167_1.jpg,1,0,0,0,0
223_1.jpg,1,0,0,0,0
266_1.jpg,1,0,0,0,0
386_1.jpg,1,0,0,0,0
207_1.jpg,1,0,0,0,0
693_1.jpg,1,0,0,0,0
242_1.jpg,1,0,0,0,0
106_1.jpg,1,0,0,0,0
143_1.jpg,1,0,0,0,0
11_1.jpg,1,0,0,0,0
54_1.jpg,1,0,0,0,0
362_1.jpg,1,0,0,0,0
282_1.jpg,1,0,0,0,0
94_1.jpg,1,0,0,0,0
517_1.jpg,1,0,0,0,0
183_1.jpg,1,0,0,0,0
443_1.jpg,1,0,0,0,0
707_1.jpg,1,0,0,0,0
65_1.jpg,1,0,0,0,0
20_1.jpg,1,0,0,0,0
172_1.jpg,1,0,0,0,0
137_1.jpg,1,0,0,0,0
98_1.jpg,1,0,0,0,0
526_1.jpg,1,0,0,0,0
662_1.jpg,1,0,0,0,0
58_1.jpg,1,0,0,0,0
316_1.jpg,1,0,0,0,0
353_1.jpg,1,0,0,0,0
646_1.jpg,1,0,0,0,0
39_1.jpg,1,0,0,0,0
81_1.jpg,1,0,0,0,0
196_1.jpg,1,0,0,0,0
547_1.jpg,1,0,0,0,0
332_1.jpg,1,0,0,0,0
723_1.jpg,1,0,0,0,0
422_1.jpg,1,0,0,0,0
467_1.jpg,1,0,0,0,0
686_1.jpg,1,0,0,0,0
212_1.jpg,1,0,0,0,0
156_1.jpg,1,0,0,0,0
587_1.jpg,1,0,0,0,0
113_1.jpg,1,0,0,0,0
41_1.jpg,1,0,0,0,0
420_1.jpg,1,0,0,0,0
465_1.jpg,1,0,0,0,0
348_1.jpg,1,0,0,0,0
498_1.jpg,1,0,0,0,0
154_1.jpg,1,0,0,0,0
111_1.jpg,1,0,0,0,0
210_1.jpg,1,0,0,0,0
194_1.jpg,1,0,0,0,0
545_1.jpg,1,0,0,0,0
_1.jpg,1,0,0,0,0
83_1.jpg,1,0,0,0,0
644_1.jpg,1,0,0,0,0
169_1.jpg,1,0,0,0,0
388_1.jpg,1,0,0,0,0
330_1.jpg,1,0,0,0,0
375_1.jpg,1,0,0,0,0
108_1.jpg,1,0,0,0,0
1_1.jpg,1,0,0,0,0
481_1.jpg,1,0,0,0,0
391_1.jpg,1,0,0,0,0
329_1.jpg,1,0,0,0,0
404_1.jpg,1,0,0,0,0
441_1.jpg,1,0,0,0,0
271_1.jpg,1,0,0,0,0
234_1.jpg,1,0,0,0,0
170_1.jpg,1,0,0,0,0
618_1.jpg,1,0,0,0,0
22_1.jpg,1,0,0,0,0
485_1.jpg,1,0,0,0,0
5_1.jpg,1,0,0,0,0
310_1.jpg,1,0,0,0,0
248_1.jpg,1,0,0,0,0
699_1.jpg,1,0,0,0,0
565_1.jpg,1,0,0,0,0
149_1.jpg,1,0,0,0,0
174_1.jpg,1,0,0,0,0
63_1.jpg,1,0,0,0,0
26_1.jpg,1,0,0,0,0
288_1.jpg,1,0,0,0,0
659_1.jpg,1,0,0,0,0
230_1.jpg,1,0,0,0,0
395_1.jpg,1,0,0,0,0
214_1.jpg,1,0,0,0,0
638_1.jpg,1,0,0,0,0
115_1.jpg,1,0,0,0,0
725_1.jpg,1,0,0,0,0
461_1.jpg,1,0,0,0,0
309_1.jpg,1,0,0,0,0
334_1.jpg,1,0,0,0,0
371_1.jpg,1,0,0,0,0
718_1.jpg,1,0,0,0,0
640_1.jpg,1,0,0,0,0
291_1.jpg,1,0,0,0,0
605_1.jpg,1,0,0,0,0
128_1.jpg,1,0,0,0,0
190_1.jpg,1,0,0,0,0
336_1.jpg,1,0,0,0,0
373_1.jpg,1,0,0,0,0
85_1.jpg,1,0,0,0,0
192_1.jpg,1,0,0,0,0
506_1.jpg,1,0,0,0,0
607_1.jpg,1,0,0,0,0
152_1.jpg,1,0,0,0,0
45_1.jpg,1,0,0,0,0
253_1.jpg,1,0,0,0,0
216_1.jpg,1,0,0,0,0
277_1.jpg,1,0,0,0,0
232_1.jpg,1,0,0,0,0
61_1.jpg,1,0,0,0,0
24_1.jpg,1,0,0,0,0
176_1.jpg,1,0,0,0,0
133_1.jpg,1,0,0,0,0
397_1.jpg,1,0,0,0,0
402_1.jpg,1,0,0,0,0
447_1.jpg,1,0,0,0,0
7_1.jpg,1,0,0,0,0
312_1.jpg,1,0,0,0,0
357_1.jpg,1,0,0,0,0
487_1.jpg,1,0,0,0,0
19_1.jpg,1,0,0,0,0
567_1.jpg,1,0,0,0,0
522_1.jpg,1,0,0,0,0
389_1.jpg,1,0,0,0,0
331_1.jpg,1,0,0,0,0
195_1.jpg,1,0,0,0,0
544_1.jpg,1,0,0,0,0
269_1.jpg,1,0,0,0,0
82_1.jpg,1,0,0,0,0
294_1.jpg,1,0,0,0,0
168_1.jpg,1,0,0,0,0
678_1.jpg,1,0,0,0,0
110_1.jpg,1,0,0,0,0
155_1.jpg,1,0,0,0,0
211_1.jpg,1,0,0,0,0
685_1.jpg,1,0,0,0,0
464_1.jpg,1,0,0,0,0
720_1.jpg,1,0,0,0,0
499_1.jpg,1,0,0,0,0
235_1.jpg,1,0,0,0,0
270_1.jpg,1,0,0,0,0
518_1.jpg,1,0,0,0,0
134_1.jpg,1,0,0,0,0
171_1.jpg,1,0,0,0,0
23_1.jpg,1,0,0,0,0
66_1.jpg,1,0,0,0,0
390_1.jpg,1,0,0,0,0
440_1.jpg,1,0,0,0,0
0_1.jpg,1,0,0,0,0
315_1.jpg,1,0,0,0,0
438_1.jpg,1,0,0,0,0
109_1.jpg,1,0,0,0,0
624_1.jpg,1,0,0,0,0
208_1.jpg,1,0,0,0,0
525_1.jpg,1,0,0,0,0
2_1.jpg,1,0,0,0,0
352_1.jpg,1,0,0,0,0
317_1.jpg,1,0,0,0,0
626_1.jpg,1,0,0,0,0
59_1.jpg,1,0,0,0,0
663_1.jpg,1,0,0,0,0
21_1.jpg,1,0,0,0,0
64_1.jpg,1,0,0,0,0
136_1.jpg,1,0,0,0,0
173_1.jpg,1,0,0,0,0
237_1.jpg,1,0,0,0,0
99_1.jpg,1,0,0,0,0
272_1.jpg,1,0,0,0,0
407_1.jpg,1,0,0,0,0
392_1.jpg,1,0,0,0,0
706_1.jpg,1,0,0,0,0
213_1.jpg,1,0,0,0,0
112_1.jpg,1,0,0,0,0
157_1.jpg,1,0,0,0,0
40_1.jpg,1,0,0,0,0
722_1.jpg,1,0,0,0,0
423_1.jpg,1,0,0,0,0
333_1.jpg,1,0,0,0,0
38_1.jpg,1,0,0,0,0
80_1.jpg,1,0,0,0,0
503_1.jpg,1,0,0,0,0
197_1.jpg,1,0,0,0,0
546_1.jpg,1,0,0,0,0
462_1.jpg,1,0,0,0,0
427_1.jpg,1,0,0,0,0
153_1.jpg,1,0,0,0,0
44_1.jpg,1,0,0,0,0
217_1.jpg,1,0,0,0,0
683_1.jpg,1,0,0,0,0
252_1.jpg,1,0,0,0,0
84_1.jpg,1,0,0,0,0
507_1.jpg,1,0,0,0,0
193_1.jpg,1,0,0,0,0
606_1.jpg,1,0,0,0,0
643_1.jpg,1,0,0,0,0
292_1.jpg,1,0,0,0,0
337_1.jpg,1,0,0,0,0
18_1.jpg,1,0,0,0,0
356_1.jpg,1,0,0,0,0
396_1.jpg,1,0,0,0,0
702_1.jpg,1,0,0,0,0
403_1.jpg,1,0,0,0,0
276_1.jpg,1,0,0,0,0
25_1.jpg,1,0,0,0,0
60_1.jpg,1,0,0,0,0
132_1.jpg,1,0,0,0,0
177_1.jpg,1,0,0,0,0
369_1.jpg,1,0,0,0,0
394_1.jpg,1,0,0,0,0
700_1.jpg,1,0,0,0,0
175_1.jpg,1,0,0,0,0
289_1.jpg,1,0,0,0,0
27_1.jpg,1,0,0,0,0
658_1.jpg,1,0,0,0,0
62_1.jpg,1,0,0,0,0
231_1.jpg,1,0,0,0,0
274_1.jpg,1,0,0,0,0
188_1.jpg,1,0,0,0,0
249_1.jpg,1,0,0,0,0
698_1.jpg,1,0,0,0,0
564_1.jpg,1,0,0,0,0
148_1.jpg,1,0,0,0,0
620_1.jpg,1,0,0,0,0
4_1.jpg,1,0,0,0,0
354_1.jpg,1,0,0,0,0
604_1.jpg,1,0,0,0,0
129_1.jpg,1,0,0,0,0
191_1.jpg,1,0,0,0,0
86_1.jpg,1,0,0,0,0
228_1.jpg,1,0,0,0,0
335_1.jpg,1,0,0,0,0
719_1.jpg,1,0,0,0,0
724_1.jpg,1,0,0,0,0
425_1.jpg,1,0,0,0,0
308_1.jpg,1,0,0,0,0
215_1.jpg,1,0,0,0,0
681_1.jpg,1,0,0,0,0
250_1.jpg,1,0,0,0,0
46_1.jpg,1,0,0,0,0
639_1.jpg,1,0,0,0,0
114_1.jpg,1,0,0,0,0
151_1.jpg,1,0,0,0,0
319_4.jpg,0,0,0,1,0
1024_4.jpg,0,0,0,1,0
1408_4.jpg,0,0,0,1,0
1360_4.jpg,0,0,0,1,0
1325_4.jpg,0,0,0,1,0
1515_4.jpg,0,0,0,1,0
946_4.jpg,0,0,0,1,0
903_4.jpg,0,0,0,1,0
12_4.jpg,0,0,0,1,0
57_4.jpg,0,0,0,1,0
1238_4.jpg,0,0,0,1,0
1139_4.jpg,0,0,0,1,0
180_4.jpg,0,0,0,1,0
551_4.jpg,0,0,0,1,0
1104_4.jpg,0,0,0,1,0
1141_4.jpg,0,0,0,1,0
615_4.jpg,0,0,0,1,0
281_4.jpg,0,0,0,1,0
1435_4.jpg,0,0,0,1,0
1318_4.jpg,0,0,0,1,0
361_4.jpg,0,0,0,1,0
324_4.jpg,0,0,0,1,0
674_4.jpg,0,0,0,1,0
1221_4.jpg,0,0,0,1,0
1264_4.jpg,0,0,0,1,0
1198_4.jpg,0,0,0,1,0
159_4.jpg,0,0,0,1,0
575_4.jpg,0,0,0,1,0
1165_4.jpg,0,0,0,1,0
345_4.jpg,0,0,0,1,0
300_4.jpg,0,0,0,1,0
1384_4.jpg,0,0,0,1,0
1379_4.jpg,0,0,0,1,0
495_4.jpg,0,0,0,1,0
842_4.jpg,0,0,0,1,0
1344_4.jpg,0,0,0,1,0
754_4.jpg,0,0,0,1,0
1045_4.jpg,0,0,0,1,0
1494_4.jpg,0,0,0,1,0
1000_4.jpg,0,0,0,1,0
882_4.jpg,0,0,0,1,0
378_4.jpg,0,0,0,1,0
548_4.jpg,0,0,0,1,0
199_4.jpg,0,0,0,1,0
265_4.jpg,0,0,0,1,0
36_4.jpg,0,0,0,1,0
298_4.jpg,0,0,0,1,0
73_4.jpg,0,0,0,1,0
164_4.jpg,0,0,0,1,0
1047_4.jpg,0,0,0,1,0
1496_4.jpg,0,0,0,1,0
412_4.jpg,0,0,0,1,0
1303_4.jpg,0,0,0,1,0
387_4.jpg,0,0,0,1,0
71_4.jpg,0,0,0,1,0
222_4.jpg,0,0,0,1,0
267_4.jpg,0,0,0,1,0
577_4.jpg,0,0,0,1,0
1167_4.jpg,0,0,0,1,0
1223_4.jpg,0,0,0,1,0
1087_4.jpg,0,0,0,1,0
347_4.jpg,0,0,0,1,0
302_4.jpg,0,0,0,1,0
1386_4.jpg,0,0,0,1,0
68_4.jpg,0,0,0,1,0
1207_4.jpg,0,0,0,1,0
1242_4.jpg,0,0,0,1,0
979_4.jpg,0,0,0,1,0
182_4.jpg,0,0,0,1,0
1143_4.jpg,0,0,0,1,0
95_4.jpg,0,0,0,1,0
326_4.jpg,0,0,0,1,0
1437_4.jpg,0,0,0,1,0
1063_4.jpg,0,0,0,1,0
473_4.jpg,0,0,0,1,0
436_4.jpg,0,0,0,1,0
1282_4.jpg,0,0,0,1,0
206_4.jpg,0,0,0,1,0
1517_4.jpg,0,0,0,1,0
825_4.jpg,0,0,0,1,0
1433_4.jpg,0,0,0,1,0
367_4.jpg,0,0,0,1,0
322_4.jpg,0,0,0,1,0
980_4.jpg,0,0,0,1,0
512_4.jpg,0,0,0,1,0
186_4.jpg,0,0,0,1,0
1102_4.jpg,0,0,0,1,0
613_4.jpg,0,0,0,1,0
1203_4.jpg,0,0,0,1,0
1246_4.jpg,0,0,0,1,0
14_4.jpg,0,0,0,1,0
51_4.jpg,0,0,0,1,0
1513_4.jpg,0,0,0,1,0
1187_4.jpg,0,0,0,1,0
103_4.jpg,0,0,0,1,0
597_4.jpg,0,0,0,1,0
432_4.jpg,0,0,0,1,0
733_4.jpg,0,0,0,1,0
818_4.jpg,0,0,0,1,0
88_4.jpg,0,0,0,1,0
999_4.jpg,0,0,0,1,0
127_4.jpg,0,0,0,1,0
964_4.jpg,0,0,0,1,0
162_4.jpg,0,0,0,1,0
30_4.jpg,0,0,0,1,0
879_4.jpg,0,0,0,1,0
1307_4.jpg,0,0,0,1,0
383_4.jpg,0,0,0,1,0
717_4.jpg,0,0,0,1,0
1492_4.jpg,0,0,0,1,0
343_4.jpg,0,0,0,1,0
1382_4.jpg,0,0,0,1,0
1452_4.jpg,0,0,0,1,0
1417_4.jpg,0,0,0,1,0
48_4.jpg,0,0,0,1,0
672_4.jpg,0,0,0,1,0
1262_4.jpg,0,0,0,1,0
536_4.jpg,0,0,0,1,0
573_4.jpg,0,0,0,1,0
1126_4.jpg,0,0,0,1,0
803_4.jpg,0,0,0,1,0
846_4.jpg,0,0,0,1,0
1081_4.jpg,0,0,0,1,0
429_4.jpg,0,0,0,1,0
1380_4.jpg,0,0,0,1,0
534_4.jpg,0,0,0,1,0
571_4.jpg,0,0,0,1,0
1124_4.jpg,0,0,0,1,0
219_4.jpg,0,0,0,1,0
635_4.jpg,0,0,0,1,0
1508_4.jpg,0,0,0,1,0
118_4.jpg,0,0,0,1,0
77_4.jpg,0,0,0,1,0
608_4.jpg,0,0,0,1,0
1218_4.jpg,0,0,0,1,0
160_4.jpg,0,0,0,1,0
261_4.jpg,0,0,0,1,0
1041_4.jpg,0,0,0,1,0
1490_4.jpg,0,0,0,1,0
414_4.jpg,0,0,0,1,0
1305_4.jpg,0,0,0,1,0
715_4.jpg,0,0,0,1,0
1178_4.jpg,0,0,0,1,0
1511_4.jpg,0,0,0,1,0
101_4.jpg,0,0,0,1,0
942_4.jpg,0,0,0,1,0
907_4.jpg,0,0,0,1,0
595_4.jpg,0,0,0,1,0
16_4.jpg,0,0,0,1,0
53_4.jpg,0,0,0,1,0
1364_4.jpg,0,0,0,1,0
8_4.jpg,0,0,0,1,0
430_4.jpg,0,0,0,1,0
1489_4.jpg,0,0,0,1,0
862_4.jpg,0,0,0,1,0
1431_4.jpg,0,0,0,1,0
398_4.jpg,0,0,0,1,0
179_4.jpg,0,0,0,1,0
611_4.jpg,0,0,0,1,0
654_4.jpg,0,0,0,1,0
93_4.jpg,0,0,0,1,0
982_4.jpg,0,0,0,1,0
184_4.jpg,0,0,0,1,0
1086_4.jpg,0,0,0,1,0
303_4.jpg,0,0,0,1,0
1387_4.jpg,0,0,0,1,0
576_4.jpg,0,0,0,1,0
1123_4.jpg,0,0,0,1,0
1267_4.jpg,0,0,0,1,0
122_4.jpg,0,0,0,1,0
35_4.jpg,0,0,0,1,0
1497_4.jpg,0,0,0,1,0
413_4.jpg,0,0,0,1,0
1347_4.jpg,0,0,0,1,0
242_4.jpg,0,0,0,1,0
1516_4.jpg,0,0,0,1,0
1326_4.jpg,0,0,0,1,0
1363_4.jpg,0,0,0,1,0
858_4.jpg,0,0,0,1,0
437_4.jpg,0,0,0,1,0
898_4.jpg,0,0,0,1,0
327_4.jpg,0,0,0,1,0
362_4.jpg,0,0,0,1,0
1436_4.jpg,0,0,0,1,0
653_4.jpg,0,0,0,1,0
616_4.jpg,0,0,0,1,0
69_4.jpg,0,0,0,1,0
1243_4.jpg,0,0,0,1,0
1206_4.jpg,0,0,0,1,0
517_4.jpg,0,0,0,1,0
1142_4.jpg,0,0,0,1,0
867_4.jpg,0,0,0,1,0
1434_4.jpg,0,0,0,1,0
1319_4.jpg,0,0,0,1,0
360_4.jpg,0,0,0,1,0
1140_4.jpg,0,0,0,1,0
1105_4.jpg,0,0,0,1,0
139_4.jpg,0,0,0,1,0
651_4.jpg,0,0,0,1,0
280_4.jpg,0,0,0,1,0
1204_4.jpg,0,0,0,1,0
1514_4.jpg,0,0,0,1,0
104_4.jpg,0,0,0,1,0
56_4.jpg,0,0,0,1,0
318_4.jpg,0,0,0,1,0
1025_4.jpg,0,0,0,1,0
1060_4.jpg,0,0,0,1,0
470_4.jpg,0,0,0,1,0
1361_4.jpg,0,0,0,1,0
734_4.jpg,0,0,0,1,0
771_4.jpg,0,0,0,1,0
549_4.jpg,0,0,0,1,0
198_4.jpg,0,0,0,1,0
264_4.jpg,0,0,0,1,0
72_4.jpg,0,0,0,1,0
299_4.jpg,0,0,0,1,0
37_4.jpg,0,0,0,1,0
165_4.jpg,0,0,0,1,0
120_4.jpg,0,0,0,1,0
1300_4.jpg,0,0,0,1,0
710_4.jpg,0,0,0,1,0
379_4.jpg,0,0,0,1,0
469_4.jpg,0,0,0,1,0
344_4.jpg,0,0,0,1,0
1385_4.jpg,0,0,0,1,0
1378_4.jpg,0,0,0,1,0
768_4.jpg,0,0,0,1,0
1410_4.jpg,0,0,0,1,0
1455_4.jpg,0,0,0,1,0
675_4.jpg,0,0,0,1,0
158_4.jpg,0,0,0,1,0
531_4.jpg,0,0,0,1,0
1121_4.jpg,0,0,0,1,0
259_4.jpg,0,0,0,1,0
1040_4.jpg,0,0,0,1,0
1491_4.jpg,0,0,0,1,0
887_4.jpg,0,0,0,1,0
338_4.jpg,0,0,0,1,0
751_4.jpg,0,0,0,1,0
380_4.jpg,0,0,0,1,0
76_4.jpg,0,0,0,1,0
570_4.jpg,0,0,0,1,0
1160_4.jpg,0,0,0,1,0
1125_4.jpg,0,0,0,1,0
218_4.jpg,0,0,0,1,0
634_4.jpg,0,0,0,1,0
1224_4.jpg,0,0,0,1,0
1509_4.jpg,0,0,0,1,0
847_4.jpg,0,0,0,1,0
1080_4.jpg,0,0,0,1,0
1451_4.jpg,0,0,0,1,0
428_4.jpg,0,0,0,1,0
340_4.jpg,0,0,0,1,0
178_4.jpg,0,0,0,1,0
1245_4.jpg,0,0,0,1,0
1200_4.jpg,0,0,0,1,0
1144_4.jpg,0,0,0,1,0
321_4.jpg,0,0,0,1,0
1488_4.jpg,0,0,0,1,0
1430_4.jpg,0,0,0,1,0
399_4.jpg,0,0,0,1,0
748_4.jpg,0,0,0,1,0
359_4.jpg,0,0,0,1,0
9_4.jpg,0,0,0,1,0
1398_4.jpg,0,0,0,1,0
1064_4.jpg,0,0,0,1,0
695_4.jpg,0,0,0,1,0
569_4.jpg,0,0,0,1,0
1179_4.jpg,0,0,0,1,0
1510_4.jpg,0,0,0,1,0
52_4.jpg,0,0,0,1,0
15_4.jpg,0,0,0,1,0
1186_4.jpg,0,0,0,1,0
1512_4.jpg,0,0,0,1,0
147_4.jpg,0,0,0,1,0
596_4.jpg,0,0,0,1,0
941_4.jpg,0,0,0,1,0
1287_4.jpg,0,0,0,1,0
203_4.jpg,0,0,0,1,0
981_4.jpg,0,0,0,1,0
513_4.jpg,0,0,0,1,0
1146_4.jpg,0,0,0,1,0
286_4.jpg,0,0,0,1,0
612_4.jpg,0,0,0,1,0
1202_4.jpg,0,0,0,1,0
323_4.jpg,0,0,0,1,0
366_4.jpg,0,0,0,1,0
673_4.jpg,0,0,0,1,0
49_4.jpg,0,0,0,1,0
1162_4.jpg,0,0,0,1,0
1383_4.jpg,0,0,0,1,0
1416_4.jpg,0,0,0,1,0
716_4.jpg,0,0,0,1,0
1493_4.jpg,0,0,0,1,0
262_4.jpg,0,0,0,1,0
227_4.jpg,0,0,0,1,0
89_4.jpg,0,0,0,1,0
163_4.jpg,0,0,0,1,0
74_4.jpg,0,0,0,1,0
31_4.jpg,0,0,0,1,0
874_4.jpg,0,0,0,1,0
373_4.jpg,0,0,0,1,0
1116_4.jpg,0,0,0,1,0
1153_4.jpg,0,0,0,1,0
607_4.jpg,0,0,0,1,0
78_4.jpg,0,0,0,1,0
293_4.jpg,0,0,0,1,0
969_4.jpg,0,0,0,1,0
117_4.jpg,0,0,0,1,0
954_4.jpg,0,0,0,1,0
152_4.jpg,0,0,0,1,0
1507_4.jpg,0,0,0,1,0
1193_4.jpg,0,0,0,1,0
216_4.jpg,0,0,0,1,0
682_4.jpg,0,0,0,1,0
463_4.jpg,0,0,0,1,0
727_4.jpg,0,0,0,1,0
232_4.jpg,0,0,0,1,0
277_4.jpg,0,0,0,1,0
133_4.jpg,0,0,0,1,0
1523_4.jpg,0,0,0,1,0
61_4.jpg,0,0,0,1,0
703_4.jpg,0,0,0,1,0
1356_4.jpg,0,0,0,1,0
890_4.jpg,0,0,0,1,0
402_4.jpg,0,0,0,1,0
1486_4.jpg,0,0,0,1,0
908_4.jpg,0,0,0,1,0
1233_4.jpg,0,0,0,1,0
623_4.jpg,0,0,0,1,0
19_4.jpg,0,0,0,1,0
1095_4.jpg,0,0,0,1,0
817_4.jpg,0,0,0,1,0
5_4.jpg,0,0,0,1,0
1130_4.jpg,0,0,0,1,0
248_4.jpg,0,0,0,1,0
598_4.jpg,0,0,0,1,0
149_4.jpg,0,0,0,1,0
1188_4.jpg,0,0,0,1,0
659_4.jpg,0,0,0,1,0
63_4.jpg,0,0,0,1,0
1521_4.jpg,0,0,0,1,0
558_4.jpg,0,0,0,1,0
445_4.jpg,0,0,0,1,0
1055_4.jpg,0,0,0,1,0
1484_4.jpg,0,0,0,1,0
1010_4.jpg,0,0,0,1,0
368_4.jpg,0,0,0,1,0
701_4.jpg,0,0,0,1,0
1354_4.jpg,0,0,0,1,0
1479_4.jpg,0,0,0,1,0
251_4.jpg,0,0,0,1,0
539_4.jpg,0,0,0,1,0
150_4.jpg,0,0,0,1,0
1505_4.jpg,0,0,0,1,0
638_4.jpg,0,0,0,1,0
760_4.jpg,0,0,0,1,0
1335_4.jpg,0,0,0,1,0
1071_4.jpg,0,0,0,1,0
334_4.jpg,0,0,0,1,0
876_4.jpg,0,0,0,1,0
128_4.jpg,0,0,0,1,0
1215_4.jpg,0,0,0,1,0
1250_4.jpg,0,0,0,1,0
229_4.jpg,0,0,0,1,0
87_4.jpg,0,0,0,1,0
996_4.jpg,0,0,0,1,0
504_4.jpg,0,0,0,1,0
348_4.jpg,0,0,0,1,0
465_4.jpg,0,0,0,1,0
420_4.jpg,0,0,0,1,0
1075_4.jpg,0,0,0,1,0
1088_4.jpg,0,0,0,1,0
111_4.jpg,0,0,0,1,0
154_4.jpg,0,0,0,1,0
917_4.jpg,0,0,0,1,0
1501_4.jpg,0,0,0,1,0
1195_4.jpg,0,0,0,1,0
1269_4.jpg,0,0,0,1,0
210_4.jpg,0,0,0,1,0
255_4.jpg,0,0,0,1,0
1168_4.jpg,0,0,0,1,0
268_4.jpg,0,0,0,1,0
83_4.jpg,0,0,0,1,0
1110_4.jpg,0,0,0,1,0
500_4.jpg,0,0,0,1,0
194_4.jpg,0,0,0,1,0
_4.jpg,0,0,0,1,0
169_4.jpg,0,0,0,1,0
1254_4.jpg,0,0,0,1,0
601_4.jpg,0,0,0,1,0
644_4.jpg,0,0,0,1,0
330_4.jpg,0,0,0,1,0
1499_4.jpg,0,0,0,1,0
1235_4.jpg,0,0,0,1,0
1270_4.jpg,0,0,0,1,0
660_4.jpg,0,0,0,1,0
108_4.jpg,0,0,0,1,0
524_4.jpg,0,0,0,1,0
561_4.jpg,0,0,0,1,0
439_4.jpg,0,0,0,1,0
1029_4.jpg,0,0,0,1,0
1_4.jpg,0,0,0,1,0
780_4.jpg,0,0,0,1,0
351_4.jpg,0,0,0,1,0
314_4.jpg,0,0,0,1,0
1328_4.jpg,0,0,0,1,0
1091_4.jpg,0,0,0,1,0
1440_4.jpg,0,0,0,1,0
1405_4.jpg,0,0,0,1,0
856_4.jpg,0,0,0,1,0
705_4.jpg,0,0,0,1,0
441_4.jpg,0,0,0,1,0
896_4.jpg,0,0,0,1,0
1480_4.jpg,0,0,0,1,0
329_4.jpg,0,0,0,1,0
1109_4.jpg,0,0,0,1,0
234_4.jpg,0,0,0,1,0
1208_4.jpg,0,0,0,1,0
135_4.jpg,0,0,0,1,0
170_4.jpg,0,0,0,1,0
443_4.jpg,0,0,0,1,0
406_4.jpg,0,0,0,1,0
393_4.jpg,0,0,0,1,0
707_4.jpg,0,0,0,1,0
1352_4.jpg,0,0,0,1,0
1317_4.jpg,0,0,0,1,0
236_4.jpg,0,0,0,1,0
563_4.jpg,0,0,0,1,0
1237_4.jpg,0,0,0,1,0
1272_4.jpg,0,0,0,1,0
1442_4.jpg,0,0,0,1,0
3_4.jpg,0,0,0,1,0
1392_4.jpg,0,0,0,1,0
316_4.jpg,0,0,0,1,0
1213_4.jpg,0,0,0,1,0
297_4.jpg,0,0,0,1,0
196_4.jpg,0,0,0,1,0
547_4.jpg,0,0,0,1,0
377_4.jpg,0,0,0,1,0
332_4.jpg,0,0,0,1,0
1466_4.jpg,0,0,0,1,0
1333_4.jpg,0,0,0,1,0
467_4.jpg,0,0,0,1,0
212_4.jpg,0,0,0,1,0
257_4.jpg,0,0,0,1,0
1296_4.jpg,0,0,0,1,0
41_4.jpg,0,0,0,1,0
113_4.jpg,0,0,0,1,0
915_4.jpg,0,0,0,1,0
1503_4.jpg,0,0,0,1,0
1197_4.jpg,0,0,0,1,0
893_4.jpg,0,0,0,1,0
444_4.jpg,0,0,0,1,0
1054_4.jpg,0,0,0,1,0
369_4.jpg,0,0,0,1,0
1478_4.jpg,0,0,0,1,0
289_4.jpg,0,0,0,1,0
130_4.jpg,0,0,0,1,0
1520_4.jpg,0,0,0,1,0
1174_4.jpg,0,0,0,1,0
1131_4.jpg,0,0,0,1,0
564_4.jpg,0,0,0,1,0
249_4.jpg,0,0,0,1,0
1275_4.jpg,0,0,0,1,0
620_4.jpg,0,0,0,1,0
599_4.jpg,0,0,0,1,0
148_4.jpg,0,0,0,1,0
1189_4.jpg,0,0,0,1,0
778_4.jpg,0,0,0,1,0
1368_4.jpg,0,0,0,1,0
479_4.jpg,0,0,0,1,0
1069_4.jpg,0,0,0,1,0
4_4.jpg,0,0,0,1,0
1251_4.jpg,0,0,0,1,0
1214_4.jpg,0,0,0,1,0
290_4.jpg,0,0,0,1,0
1150_4.jpg,0,0,0,1,0
191_4.jpg,0,0,0,1,0
540_4.jpg,0,0,0,1,0
505_4.jpg,0,0,0,1,0
1424_4.jpg,0,0,0,1,0
1371_4.jpg,0,0,0,1,0
681_4.jpg,0,0,0,1,0
215_4.jpg,0,0,0,1,0
1291_4.jpg,0,0,0,1,0
538_4.jpg,0,0,0,1,0
1504_4.jpg,0,0,0,1,0
1229_4.jpg,0,0,0,1,0
639_4.jpg,0,0,0,1,0
1072_4.jpg,0,0,0,1,0
848_4.jpg,0,0,0,1,0
44_4.jpg,0,0,0,1,0
955_4.jpg,0,0,0,1,0
116_4.jpg,0,0,0,1,0
1192_4.jpg,0,0,0,1,0
1506_4.jpg,0,0,0,1,0
252_4.jpg,0,0,0,1,0
217_4.jpg,0,0,0,1,0
1117_4.jpg,0,0,0,1,0
542_4.jpg,0,0,0,1,0
1216_4.jpg,0,0,0,1,0
292_4.jpg,0,0,0,1,0
606_4.jpg,0,0,0,1,0
79_4.jpg,0,0,0,1,0
1426_4.jpg,0,0,0,1,0
875_4.jpg,0,0,0,1,0
337_4.jpg,0,0,0,1,0
372_4.jpg,0,0,0,1,0
1232_4.jpg,0,0,0,1,0
667_4.jpg,0,0,0,1,0
1133_4.jpg,0,0,0,1,0
1397_4.jpg,0,0,0,1,0
313_4.jpg,0,0,0,1,0
356_4.jpg,0,0,0,1,0
1447_4.jpg,0,0,0,1,0
486_4.jpg,0,0,0,1,0
396_4.jpg,0,0,0,1,0
403_4.jpg,0,0,0,1,0
1487_4.jpg,0,0,0,1,0
276_4.jpg,0,0,0,1,0
1522_4.jpg,0,0,0,1,0
60_4.jpg,0,0,0,1,0
1092_4.jpg,0,0,0,1,0
1443_4.jpg,0,0,0,1,0
855_4.jpg,0,0,0,1,0
2_4.jpg,0,0,0,1,0
317_4.jpg,0,0,0,1,0
783_4.jpg,0,0,0,1,0
352_4.jpg,0,0,0,1,0
1137_4.jpg,0,0,0,1,0
562_4.jpg,0,0,0,1,0
1236_4.jpg,0,0,0,1,0
64_4.jpg,0,0,0,1,0
272_4.jpg,0,0,0,1,0
99_4.jpg,0,0,0,1,0
407_4.jpg,0,0,0,1,0
706_4.jpg,0,0,0,1,0
392_4.jpg,0,0,0,1,0
1353_4.jpg,0,0,0,1,0
40_4.jpg,0,0,0,1,0
586_4.jpg,0,0,0,1,0
951_4.jpg,0,0,0,1,0
1196_4.jpg,0,0,0,1,0
1502_4.jpg,0,0,0,1,0
1377_4.jpg,0,0,0,1,0
809_4.jpg,0,0,0,1,0
466_4.jpg,0,0,0,1,0
333_4.jpg,0,0,0,1,0
376_4.jpg,0,0,0,1,0
1422_4.jpg,0,0,0,1,0
1212_4.jpg,0,0,0,1,0
38_4.jpg,0,0,0,1,0
296_4.jpg,0,0,0,1,0
546_4.jpg,0,0,0,1,0
80_4.jpg,0,0,0,1,0
758_4.jpg,0,0,0,1,0
374_4.jpg,0,0,0,1,0
459_4.jpg,0,0,0,1,0
1111_4.jpg,0,0,0,1,0
195_4.jpg,0,0,0,1,0
501_4.jpg,0,0,0,1,0
168_4.jpg,0,0,0,1,0
1210_4.jpg,0,0,0,1,0
645_4.jpg,0,0,0,1,0
294_4.jpg,0,0,0,1,0
916_4.jpg,0,0,0,1,0
953_4.jpg,0,0,0,1,0
1194_4.jpg,0,0,0,1,0
1500_4.jpg,0,0,0,1,0
1268_4.jpg,0,0,0,1,0
678_4.jpg,0,0,0,1,0
254_4.jpg,0,0,0,1,0
1295_4.jpg,0,0,0,1,0
1169_4.jpg,0,0,0,1,0
349_4.jpg,0,0,0,1,0
464_4.jpg,0,0,0,1,0
499_4.jpg,0,0,0,1,0
765_4.jpg,0,0,0,1,0
1330_4.jpg,0,0,0,1,0
1108_4.jpg,0,0,0,1,0
270_4.jpg,0,0,0,1,0
235_4.jpg,0,0,0,1,0
1209_4.jpg,0,0,0,1,0
23_4.jpg,0,0,0,1,0
134_4.jpg,0,0,0,1,0
1524_4.jpg,0,0,0,1,0
390_4.jpg,0,0,0,1,0
1314_4.jpg,0,0,0,1,0
1351_4.jpg,0,0,0,1,0
405_4.jpg,0,0,0,1,0
440_4.jpg,0,0,0,1,0
1015_4.jpg,0,0,0,1,0
328_4.jpg,0,0,0,1,0
1391_4.jpg,0,0,0,1,0
315_4.jpg,0,0,0,1,0
350_4.jpg,0,0,0,1,0
1329_4.jpg,0,0,0,1,0
1090_4.jpg,0,0,0,1,0
857_4.jpg,0,0,0,1,0
1234_4.jpg,0,0,0,1,0
1519_4.jpg,0,0,0,1,0
1170_4.jpg,0,0,0,1,0
1135_4.jpg,0,0,0,1,0
560_4.jpg,0,0,0,1,0
208_4.jpg,0,0,0,1,0
860_2.jpg,0,1,0,0,0
367_2.jpg,0,1,0,0,0
613_2.jpg,0,1,0,0,0
905_2.jpg,0,1,0,0,0
51_2.jpg,0,1,0,0,0
202_2.jpg,0,1,0,0,0
247_2.jpg,0,1,0,0,0
477_2.jpg,0,1,0,0,0
263_2.jpg,0,1,0,0,0
127_2.jpg,0,1,0,0,0
162_2.jpg,0,1,0,0,0
383_2.jpg,0,1,0,0,0
717_2.jpg,0,1,0,0,0
884_2.jpg,0,1,0,0,0
416_2.jpg,0,1,0,0,0
306_2.jpg,0,1,0,0,0
1083_2.jpg,0,1,0,0,0
844_2.jpg,0,1,0,0,0
637_2.jpg,0,1,0,0,0
48_2.jpg,0,1,0,0,0
536_2.jpg,0,1,0,0,0
573_2.jpg,0,1,0,0,0
1081_2.jpg,0,1,0,0,0
491_2.jpg,0,1,0,0,0
728_2.jpg,0,1,0,0,0
304_2.jpg,0,1,0,0,0
429_2.jpg,0,1,0,0,0
219_2.jpg,0,1,0,0,0
534_2.jpg,0,1,0,0,0
571_2.jpg,0,1,0,0,0
125_2.jpg,0,1,0,0,0
32_2.jpg,0,1,0,0,0
608_2.jpg,0,1,0,0,0
224_2.jpg,0,1,0,0,0
509_2.jpg,0,1,0,0,0
381_2.jpg,0,1,0,0,0
715_2.jpg,0,1,0,0,0
245_2.jpg,0,1,0,0,0
669_2.jpg,0,1,0,0,0
101_2.jpg,0,1,0,0,0
942_2.jpg,0,1,0,0,0
907_2.jpg,0,1,0,0,0
595_2.jpg,0,1,0,0,0
488_2.jpg,0,1,0,0,0
475_2.jpg,0,1,0,0,0
430_2.jpg,0,1,0,0,0
358_2.jpg,0,1,0,0,0
365_2.jpg,0,1,0,0,0
320_2.jpg,0,1,0,0,0
611_2.jpg,0,1,0,0,0
654_2.jpg,0,1,0,0,0
285_2.jpg,0,1,0,0,0
982_2.jpg,0,1,0,0,0
510_2.jpg,0,1,0,0,0
93_2.jpg,0,1,0,0,0
471_2.jpg,0,1,0,0,0
735_2.jpg,0,1,0,0,0
105_2.jpg,0,1,0,0,0
140_2.jpg,0,1,0,0,0
591_2.jpg,0,1,0,0,0
529_2.jpg,0,1,0,0,0
204_2.jpg,0,1,0,0,0
241_2.jpg,0,1,0,0,0
514_2.jpg,0,1,0,0,0
239_2.jpg,0,1,0,0,0
650_2.jpg,0,1,0,0,0
708_2.jpg,0,1,0,0,0
823_2.jpg,0,1,0,0,0
409_2.jpg,0,1,0,0,0
1019_2.jpg,0,1,0,0,0
361_2.jpg,0,1,0,0,0
324_2.jpg,0,1,0,0,0
631_2.jpg,0,1,0,0,0
674_2.jpg,0,1,0,0,0
689_2.jpg,0,1,0,0,0
530_2.jpg,0,1,0,0,0
575_2.jpg,0,1,0,0,0
468_2.jpg,0,1,0,0,0
1078_2.jpg,0,1,0,0,0
1085_2.jpg,0,1,0,0,0
495_2.jpg,0,1,0,0,0
711_2.jpg,0,1,0,0,0
378_2.jpg,0,1,0,0,0
455_2.jpg,0,1,0,0,0
410_2.jpg,0,1,0,0,0
220_2.jpg,0,1,0,0,0
265_2.jpg,0,1,0,0,0
199_2.jpg,0,1,0,0,0
927_2.jpg,0,1,0,0,0
298_2.jpg,0,1,0,0,0
649_2.jpg,0,1,0,0,0
880_2.jpg,0,1,0,0,0
412_2.jpg,0,1,0,0,0
756_2.jpg,0,1,0,0,0
713_2.jpg,0,1,0,0,0
34_2.jpg,0,1,0,0,0
123_2.jpg,0,1,0,0,0
925_2.jpg,0,1,0,0,0
676_2.jpg,0,1,0,0,0
1087_2.jpg,0,1,0,0,0
497_2.jpg,0,1,0,0,0
840_2.jpg,0,1,0,0,0
302_2.jpg,0,1,0,0,0
617_2.jpg,0,1,0,0,0
68_2.jpg,0,1,0,0,0
283_2.jpg,0,1,0,0,0
95_2.jpg,0,1,0,0,0
516_2.jpg,0,1,0,0,0
182_2.jpg,0,1,0,0,0
553_2.jpg,0,1,0,0,0
473_2.jpg,0,1,0,0,0
1063_2.jpg,0,1,0,0,0
1026_2.jpg,0,1,0,0,0
206_2.jpg,0,1,0,0,0
243_2.jpg,0,1,0,0,0
901_2.jpg,0,1,0,0,0
415_2.jpg,0,1,0,0,0
714_2.jpg,0,1,0,0,0
751_2.jpg,0,1,0,0,0
161_2.jpg,0,1,0,0,0
609_2.jpg,0,1,0,0,0
33_2.jpg,0,1,0,0,0
508_2.jpg,0,1,0,0,0
570_2.jpg,0,1,0,0,0
119_2.jpg,0,1,0,0,0
671_2.jpg,0,1,0,0,0
1080_2.jpg,0,1,0,0,0
729_2.jpg,0,1,0,0,0
428_2.jpg,0,1,0,0,0
284_2.jpg,0,1,0,0,0
610_2.jpg,0,1,0,0,0
554_2.jpg,0,1,0,0,0
511_2.jpg,0,1,0,0,0
321_2.jpg,0,1,0,0,0
364_2.jpg,0,1,0,0,0
748_2.jpg,0,1,0,0,0
775_2.jpg,0,1,0,0,0
489_2.jpg,0,1,0,0,0
431_2.jpg,0,1,0,0,0
474_2.jpg,0,1,0,0,0
359_2.jpg,0,1,0,0,0
788_2.jpg,0,1,0,0,0
695_2.jpg,0,1,0,0,0
201_2.jpg,0,1,0,0,0
52_2.jpg,0,1,0,0,0
17_2.jpg,0,1,0,0,0
668_2.jpg,0,1,0,0,0
433_2.jpg,0,1,0,0,0
476_2.jpg,0,1,0,0,0
147_2.jpg,0,1,0,0,0
596_2.jpg,0,1,0,0,0
941_2.jpg,0,1,0,0,0
102_2.jpg,0,1,0,0,0
15_2.jpg,0,1,0,0,0
90_2.jpg,0,1,0,0,0
187_2.jpg,0,1,0,0,0
556_2.jpg,0,1,0,0,0
657_2.jpg,0,1,0,0,0
28_2.jpg,0,1,0,0,0
612_2.jpg,0,1,0,0,0
636_2.jpg,0,1,0,0,0
572_2.jpg,0,1,0,0,0
537_2.jpg,0,1,0,0,0
307_2.jpg,0,1,0,0,0
793_2.jpg,0,1,0,0,0
342_2.jpg,0,1,0,0,0
1082_2.jpg,0,1,0,0,0
492_2.jpg,0,1,0,0,0
716_2.jpg,0,1,0,0,0
417_2.jpg,0,1,0,0,0
452_2.jpg,0,1,0,0,0
1007_2.jpg,0,1,0,0,0
74_2.jpg,0,1,0,0,0
920_2.jpg,0,1,0,0,0
126_2.jpg,0,1,0,0,0
1086_2.jpg,0,1,0,0,0
496_2.jpg,0,1,0,0,0
303_2.jpg,0,1,0,0,0
576_2.jpg,0,1,0,0,0
533_2.jpg,0,1,0,0,0
677_2.jpg,0,1,0,0,0
919_2.jpg,0,1,0,0,0
881_2.jpg,0,1,0,0,0
413_2.jpg,0,1,0,0,0
712_2.jpg,0,1,0,0,0
693_2.jpg,0,1,0,0,0
900_2.jpg,0,1,0,0,0
106_2.jpg,0,1,0,0,0
858_2.jpg,0,1,0,0,0
773_2.jpg,0,1,0,0,0
437_2.jpg,0,1,0,0,0
327_2.jpg,0,1,0,0,0
362_2.jpg,0,1,0,0,0
898_2.jpg,0,1,0,0,0
820_2.jpg,0,1,0,0,0
653_2.jpg,0,1,0,0,0
616_2.jpg,0,1,0,0,0
183_2.jpg,0,1,0,0,0
552_2.jpg,0,1,0,0,0
709_2.jpg,0,1,0,0,0
822_2.jpg,0,1,0,0,0
408_2.jpg,0,1,0,0,0
360_2.jpg,0,1,0,0,0
515_2.jpg,0,1,0,0,0
651_2.jpg,0,1,0,0,0
280_2.jpg,0,1,0,0,0
614_2.jpg,0,1,0,0,0
629_2.jpg,0,1,0,0,0
590_2.jpg,0,1,0,0,0
691_2.jpg,0,1,0,0,0
470_2.jpg,0,1,0,0,0
264_2.jpg,0,1,0,0,0
221_2.jpg,0,1,0,0,0
549_2.jpg,0,1,0,0,0
198_2.jpg,0,1,0,0,0
72_2.jpg,0,1,0,0,0
648_2.jpg,0,1,0,0,0
384_2.jpg,0,1,0,0,0
411_2.jpg,0,1,0,0,0
454_2.jpg,0,1,0,0,0
469_2.jpg,0,1,0,0,0
1079_2.jpg,0,1,0,0,0
1084_2.jpg,0,1,0,0,0
494_2.jpg,0,1,0,0,0
589_2.jpg,0,1,0,0,0
158_2.jpg,0,1,0,0,0
630_2.jpg,0,1,0,0,0
574_2.jpg,0,1,0,0,0
531_2.jpg,0,1,0,0,0
1075_2.jpg,0,1,0,0,0
465_2.jpg,0,1,0,0,0
420_2.jpg,0,1,0,0,0
764_2.jpg,0,1,0,0,0
721_2.jpg,0,1,0,0,0
1088_2.jpg,0,1,0,0,0
679_2.jpg,0,1,0,0,0
111_2.jpg,0,1,0,0,0
154_2.jpg,0,1,0,0,0
992_2.jpg,0,1,0,0,0
545_2.jpg,0,1,0,0,0
_2.jpg,0,1,0,0,0
601_2.jpg,0,1,0,0,0
458_2.jpg,0,1,0,0,0
375_2.jpg,0,1,0,0,0
330_2.jpg,0,1,0,0,0
660_2.jpg,0,1,0,0,0
209_2.jpg,0,1,0,0,0
524_2.jpg,0,1,0,0,0
780_2.jpg,0,1,0,0,0
439_2.jpg,0,1,0,0,0
738_2.jpg,0,1,0,0,0
391_2.jpg,0,1,0,0,0
705_2.jpg,0,1,0,0,0
404_2.jpg,0,1,0,0,0
234_2.jpg,0,1,0,0,0
135_2.jpg,0,1,0,0,0
933_2.jpg,0,1,0,0,0
22_2.jpg,0,1,0,0,0
894_2.jpg,0,1,0,0,0
406_2.jpg,0,1,0,0,0
869_2.jpg,0,1,0,0,0
20_2.jpg,0,1,0,0,0
65_2.jpg,0,1,0,0,0
137_2.jpg,0,1,0,0,0
172_2.jpg,0,1,0,0,0
273_2.jpg,0,1,0,0,0
563_2.jpg,0,1,0,0,0
627_2.jpg,0,1,0,0,0
58_2.jpg,0,1,0,0,0
811_2.jpg,0,1,0,0,0
483_2.jpg,0,1,0,0,0
646_2.jpg,0,1,0,0,0
39_2.jpg,0,1,0,0,0
502_2.jpg,0,1,0,0,0
377_2.jpg,0,1,0,0,0
1077_2.jpg,0,1,0,0,0
467_2.jpg,0,1,0,0,0
422_2.jpg,0,1,0,0,0
212_2.jpg,0,1,0,0,0
686_2.jpg,0,1,0,0,0
257_2.jpg,0,1,0,0,0
156_2.jpg,0,1,0,0,0
915_2.jpg,0,1,0,0,0
587_2.jpg,0,1,0,0,0
831_2.jpg,0,1,0,0,0
373_2.jpg,0,1,0,0,0
336_2.jpg,0,1,0,0,0
911_2.jpg,0,1,0,0,0
583_2.jpg,0,1,0,0,0
216_2.jpg,0,1,0,0,0
682_2.jpg,0,1,0,0,0
253_2.jpg,0,1,0,0,0
1073_2.jpg,0,1,0,0,0
1036_2.jpg,0,1,0,0,0
849_2.jpg,0,1,0,0,0
232_2.jpg,0,1,0,0,0
277_2.jpg,0,1,0,0,0
24_2.jpg,0,1,0,0,0
397_2.jpg,0,1,0,0,0
447_2.jpg,0,1,0,0,0
402_2.jpg,0,1,0,0,0
312_2.jpg,0,1,0,0,0
623_2.jpg,0,1,0,0,0
666_2.jpg,0,1,0,0,0
19_2.jpg,0,1,0,0,0
908_2.jpg,0,1,0,0,0
522_2.jpg,0,1,0,0,0
567_2.jpg,0,1,0,0,0
485_2.jpg,0,1,0,0,0
355_2.jpg,0,1,0,0,0
5_2.jpg,0,1,0,0,0
1068_2.jpg,0,1,0,0,0
478_2.jpg,0,1,0,0,0
699_2.jpg,0,1,0,0,0
520_2.jpg,0,1,0,0,0
598_2.jpg,0,1,0,0,0
621_2.jpg,0,1,0,0,0
664_2.jpg,0,1,0,0,0
131_2.jpg,0,1,0,0,0
659_2.jpg,0,1,0,0,0
230_2.jpg,0,1,0,0,0
275_2.jpg,0,1,0,0,0
892_2.jpg,0,1,0,0,0
400_2.jpg,0,1,0,0,0
701_2.jpg,0,1,0,0,0
214_2.jpg,0,1,0,0,0
680_2.jpg,0,1,0,0,0
47_2.jpg,0,1,0,0,0
638_2.jpg,0,1,0,0,0
760_2.jpg,0,1,0,0,0
725_2.jpg,0,1,0,0,0
1071_2.jpg,0,1,0,0,0
371_2.jpg,0,1,0,0,0
334_2.jpg,0,1,0,0,0
718_2.jpg,0,1,0,0,0
605_2.jpg,0,1,0,0,0
190_2.jpg,0,1,0,0,0
87_2.jpg,0,1,0,0,0
810_2.jpg,0,1,0,0,0
482_2.jpg,0,1,0,0,0
317_2.jpg,0,1,0,0,0
2_2.jpg,0,1,0,0,0
562_2.jpg,0,1,0,0,0
527_2.jpg,0,1,0,0,0
626_2.jpg,0,1,0,0,0
59_2.jpg,0,1,0,0,0
64_2.jpg,0,1,0,0,0
237_2.jpg,0,1,0,0,0
99_2.jpg,0,1,0,0,0
1052_2.jpg,0,1,0,0,0
895_2.jpg,0,1,0,0,0
407_2.jpg,0,1,0,0,0
442_2.jpg,0,1,0,0,0
687_2.jpg,0,1,0,0,0
914_2.jpg,0,1,0,0,0
157_2.jpg,0,1,0,0,0
1076_2.jpg,0,1,0,0,0
871_2.jpg,0,1,0,0,0
546_2.jpg,0,1,0,0,0
503_2.jpg,0,1,0,0,0
389_2.jpg,0,1,0,0,0
836_2.jpg,0,1,0,0,0
459_2.jpg,0,1,0,0,0
331_2.jpg,0,1,0,0,0
195_2.jpg,0,1,0,0,0
993_2.jpg,0,1,0,0,0
501_2.jpg,0,1,0,0,0
269_2.jpg,0,1,0,0,0
168_2.jpg,0,1,0,0,0
110_2.jpg,0,1,0,0,0
254_2.jpg,0,1,0,0,0
1074_2.jpg,0,1,0,0,0
349_2.jpg,0,1,0,0,0
798_2.jpg,0,1,0,0,0
720_2.jpg,0,1,0,0,0
235_2.jpg,0,1,0,0,0
134_2.jpg,0,1,0,0,0
66_2.jpg,0,1,0,0,0
619_2.jpg,0,1,0,0,0
704_2.jpg,0,1,0,0,0
1015_2.jpg,0,1,0,0,0
897_2.jpg,0,1,0,0,0
405_2.jpg,0,1,0,0,0
350_2.jpg,0,1,0,0,0
480_2.jpg,0,1,0,0,0
109_2.jpg,0,1,0,0,0
369_2.jpg,0,1,0,0,0
893_2.jpg,0,1,0,0,0
401_2.jpg,0,1,0,0,0
700_2.jpg,0,1,0,0,0
394_2.jpg,0,1,0,0,0
130_2.jpg,0,1,0,0,0
62_2.jpg,0,1,0,0,0
289_2.jpg,0,1,0,0,0
27_2.jpg,0,1,0,0,0
658_2.jpg,0,1,0,0,0
274_2.jpg,0,1,0,0,0
231_2.jpg,0,1,0,0,0
559_2.jpg,0,1,0,0,0
249_2.jpg,0,1,0,0,0
698_2.jpg,0,1,0,0,0
521_2.jpg,0,1,0,0,0
599_2.jpg,0,1,0,0,0
816_2.jpg,0,1,0,0,0
311_2.jpg,0,1,0,0,0
785_2.jpg,0,1,0,0,0
1069_2.jpg,0,1,0,0,0
641_2.jpg,0,1,0,0,0
604_2.jpg,0,1,0,0,0
540_2.jpg,0,1,0,0,0
997_2.jpg,0,1,0,0,0
418_2.jpg,0,1,0,0,0
335_2.jpg,0,1,0,0,0
370_2.jpg,0,1,0,0,0
761_2.jpg,0,1,0,0,0
46_2.jpg,0,1,0,0,0
580_2.jpg,0,1,0,0,0
114_2.jpg,0,1,0,0,0
1072_2.jpg,0,1,0,0,0
427_2.jpg,0,1,0,0,0
462_2.jpg,0,1,0,0,0
726_2.jpg,0,1,0,0,0
582_2.jpg,0,1,0,0,0
116_2.jpg,0,1,0,0,0
683_2.jpg,0,1,0,0,0
217_2.jpg,0,1,0,0,0
193_2.jpg,0,1,0,0,0
542_2.jpg,0,1,0,0,0
292_2.jpg,0,1,0,0,0
606_2.jpg,0,1,0,0,0
875_2.jpg,0,1,0,0,0
830_2.jpg,0,1,0,0,0
337_2.jpg,0,1,0,0,0
372_2.jpg,0,1,0,0,0
888_2.jpg,0,1,0,0,0
667_2.jpg,0,1,0,0,0
622_2.jpg,0,1,0,0,0
909_2.jpg,0,1,0,0,0
566_2.jpg,0,1,0,0,0
523_2.jpg,0,1,0,0,0
313_2.jpg,0,1,0,0,0
6_2.jpg,0,1,0,0,0
486_2.jpg,0,1,0,0,0
702_2.jpg,0,1,0,0,0
396_2.jpg,0,1,0,0,0
829_2.jpg,0,1,0,0,0
233_2.jpg,0,1,0,0,0
60_2.jpg,0,1,0,0,0
